"company_type","name","type","Địa chỉ","street","street2","city","zip","country_id","vat","function","phone","email","title","user_id","company_id","pricelist","property_account_payable_id","property_account_receivable_id"
"person","Nguyễn Tuệ Trí","contact","số 161, xóm 10, thôn 4, xã Tân Triều, huyện Thanh Trì, thành phố Hà Nội","số 161, xóm 10","thôn 4, xã Tân Triều, huyện Thanh Trì","Hà Nội","100000","84","","Chủ shop","0933370960","nguyentuetri@gmail.com","Cô","Admin UIT.IS336.L12.4","UIT.IS336.L12.4","Bảng giá niêm yết 1","331 Tài khoản phải trả thương mại","131 Khoản phải thu của khách hàng"
"person","Nguyễn Uy Diễm","contact","số 476, xóm Hương Từ, thôn 10, xã Thái Sơn, huyện An Lão, thành phố Hải Phòng","số 476, xóm Hương Từ","thôn 10, xã Thái Sơn, huyện An Lão","Hải Phòng","180000","84","","Chủ shop","0946998493","nguyenuydiem@gmail.com","Cô","Admin UIT.IS336.L12.4","UIT.IS336.L12.4","Bảng giá niêm yết 1","331 Tài khoản phải trả thương mại","131 Khoản phải thu của khách hàng"
"person","Nguyễn Thúy Thái","contact","số 412, đường Phan Sương Long, phường 8, quận Gò Vấp, thành phố Hồ Chí Minh","số 412, đường Phan Sương Long","phường 8, quận Gò Vấp","Hồ Chí Minh","700000","84","","Chủ shop","0891722710","nguyenthuythai@gmail.com","Anh","Admin UIT.IS336.L12.4","UIT.IS336.L12.4","Bảng giá niêm yết 1","331 Tài khoản phải trả thương mại","131 Khoản phải thu của khách hàng"
"person","Nguyễn Hùng","contact","số 370, xóm 9, thôn 6, xã Xuy Xá, huyện Mỹ Đức, thành phố Hà Nội","số 370, xóm 9","thôn 6, xã Xuy Xá, huyện Mỹ Đức","Hà Nội","100000","84","","Chủ shop","0951781317","nguyenhung@gmail.com","Cô","Admin UIT.IS336.L12.4","UIT.IS336.L12.4","Bảng giá niêm yết 1","331 Tài khoản phải trả thương mại","131 Khoản phải thu của khách hàng"
"person","Nguyễn Chế","contact","số 102, xóm Diệu Vinh, thôn 10, xã Bình Phú, huyện Thạch Thất, thành phố Hà Nội","số 102, xóm Diệu Vinh","thôn 10, xã Bình Phú, huyện Thạch Thất","Hà Nội","100000","84","","Chủ shop","0880481014","nguyenche@gmail.com","Cô","Admin UIT.IS336.L12.4","UIT.IS336.L12.4","Bảng giá niêm yết 1","331 Tài khoản phải trả thương mại","131 Khoản phải thu của khách hàng"
"person","Nguyễn Bạch Linh","contact","số 811, xóm 4, thôn 10, xã Trường Thọ, huyện An Lão, thành phố Hải Phòng","số 811, xóm 4","thôn 10, xã Trường Thọ, huyện An Lão","Hải Phòng","180000","84","","Chủ shop","0942259832","nguyenbachlinh@gmail.com","Anh","Admin UIT.IS336.L12.4","UIT.IS336.L12.4","Bảng giá niêm yết 1","331 Tài khoản phải trả thương mại","131 Khoản phải thu của khách hàng"
"person","Nguyễn Tuyết","contact","số 453, xóm 9, thôn 10, xã Bình Chánh, huyện Bình Chánh, thành phố Hồ Chí Minh","số 453, xóm 9","thôn 10, xã Bình Chánh, huyện Bình Chánh","Hồ Chí Minh","700000","84","","Chủ shop","0993703296","nguyentuyet@gmail.com","Cô","Admin UIT.IS336.L12.4","UIT.IS336.L12.4","Bảng giá niêm yết 1","331 Tài khoản phải trả thương mại","131 Khoản phải thu của khách hàng"
"person","Đặng Tuyến Đình","contact","số 231, đường Phạm Nghiệp Đình, phường An Phú, quận Ninh Kiều, thành phố Cần Thơ","số 231, đường Phạm Nghiệp Đình","phường An Phú, quận Ninh Kiều","Cần Thơ","900000","84","","Chủ shop","0915863712","dangtuyendinh@gmail.com","Cô","Admin UIT.IS336.L12.4","UIT.IS336.L12.4","Bảng giá niêm yết 1","331 Tài khoản phải trả thương mại","131 Khoản phải thu của khách hàng"
"person","Nguyễn Hằng Thăng","contact","số 328, đường Quỳnh Bảo, phường Tràng Minh, quận Kiến An, thành phố Hải Phòng","số 328, đường Quỳnh Bảo","phường Tràng Minh, quận Kiến An","Hải Phòng","180000","84","","Chủ shop","0888152723","nguyenhangthang@gmail.com","Cô","Admin UIT.IS336.L12.4","UIT.IS336.L12.4","Bảng giá niêm yết 1","331 Tài khoản phải trả thương mại","131 Khoản phải thu của khách hàng"
"person","Nguyễn Nhã","contact","số 499, hẻm 72, đường Hương Lệ, phường Sơn Lộc, thị xã Sơn Tây, thành phố Hà Nội","số 499, hẻm 72","đường Hương Lệ, phường Sơn Lộc, thị xã Sơn Tây","Hà Nội","100000","84","","Chủ shop","0975335828","nguyennha@gmail.com","Cô","Admin UIT.IS336.L12.4","UIT.IS336.L12.4","Bảng giá niêm yết 1","331 Tài khoản phải trả thương mại","131 Khoản phải thu của khách hàng"
"person","Vũ Khởi","contact","số 579, xóm 1, thôn 5, xã Cộng Hòa, huyện Quốc Oai, thành phố Hà Nội","số 579, xóm 1","thôn 5, xã Cộng Hòa, huyện Quốc Oai","Hà Nội","100000","84","","Chủ shop","0929881359","vukhoi@gmail.com","Anh","Admin UIT.IS336.L12.4","UIT.IS336.L12.4","Bảng giá niêm yết 1","331 Tài khoản phải trả thương mại","131 Khoản phải thu của khách hàng"
"person","Đồng Kiệt Diễm","contact","số 490, xóm 5, thôn 6, xã Xuân Thới Thượng, huyện Hóc Môn, thành phố Hồ Chí Minh","số 490, xóm 5","thôn 6, xã Xuân Thới Thượng, huyện Hóc Môn","Hồ Chí Minh","700000","84","","Chủ shop","0882919604","dongkietdiem@gmail.com","Anh","Admin UIT.IS336.L12.4","UIT.IS336.L12.4","Bảng giá niêm yết 1","331 Tài khoản phải trả thương mại","131 Khoản phải thu của khách hàng"
"person","Trần Sơn Phượng Tịnh","contact","số 240, đường Nguyễn Sáng Ý, phường Linh Đông, quận Thủ Đức, thành phố Hồ Chí Minh","số 240, đường Nguyễn Sáng Ý","phường Linh Đông, quận Thủ Đức","Hồ Chí Minh","700000","84","","Chủ shop","0970063134","transonphuongtinh@gmail.com","Cô","Admin UIT.IS336.L12.4","UIT.IS336.L12.4","Bảng giá niêm yết 1","331 Tài khoản phải trả thương mại","131 Khoản phải thu của khách hàng"
"person","Ngô Bảo Lợi Hồng","contact","số 13, đường Nguyễn Huy Từ, phường Phan Bội Châu, quận Hồng Bàng, thành phố Hải Phòng","số 13, đường Nguyễn Huy Từ","phường Phan Bội Châu, quận Hồng Bàng","Hải Phòng","180000","84","","Chủ shop","0916490356","ngobaoloihong@gmail.com","Anh","Admin UIT.IS336.L12.4","UIT.IS336.L12.4","Bảng giá niêm yết 1","331 Tài khoản phải trả thương mại","131 Khoản phải thu của khách hàng"
"person","Hồ Quốc Trí","contact","số 120, hẻm Tiến Vĩnh, đường Bửu Khởi, phường 5, quận Tân Bình, thành phố Hồ Chí Minh","số 120, hẻm Tiến Vĩnh","đường Bửu Khởi, phường 5, quận Tân Bình","Hồ Chí Minh","700000","84","","Chủ shop","0934977025","hoquoctri@gmail.com","Cô","Admin UIT.IS336.L12.4","UIT.IS336.L12.4","Bảng giá niêm yết 1","331 Tài khoản phải trả thương mại","131 Khoản phải thu của khách hàng"
"person","Nguyễn Phương","contact","số 963, đường Khanh Trường, phường Phù Liễn, quận Kiến An, thành phố Hải Phòng","số 963, đường Khanh Trường","phường Phù Liễn, quận Kiến An","Hải Phòng","180000","84","","Chủ shop","0889914778","nguyenphuong@gmail.com","Anh","Admin UIT.IS336.L12.4","UIT.IS336.L12.4","Bảng giá niêm yết 1","331 Tài khoản phải trả thương mại","131 Khoản phải thu của khách hàng"
"person","Nguyễn Hạ Vạn","contact","số 134, đường Lê Tiến Trọng, phường 10, quận Tân Bình, thành phố Hồ Chí Minh","số 134, đường Lê Tiến Trọng","phường 10, quận Tân Bình","Hồ Chí Minh","700000","84","","Chủ shop","0899962812","nguyenhavan@gmail.com","Cô","Admin UIT.IS336.L12.4","UIT.IS336.L12.4","Bảng giá niêm yết 1","331 Tài khoản phải trả thương mại","131 Khoản phải thu của khách hàng"
"person","Trần Lệ Luận Bội","contact","số 836, đường Xuyến Phụng, phường 6, quận Gò Vấp, thành phố Hồ Chí Minh","số 836, đường Xuyến Phụng","phường 6, quận Gò Vấp","Hồ Chí Minh","700000","84","","Chủ shop","0997711613","tranleluanboi@gmail.com","Anh","Admin UIT.IS336.L12.4","UIT.IS336.L12.4","Bảng giá niêm yết 1","331 Tài khoản phải trả thương mại","131 Khoản phải thu của khách hàng"
"person","Kiểu Trang Hiền","contact","số 701, đường Thi Ðăng, phường 10, quận Tân Bình, thành phố Hồ Chí Minh","số 701, đường Thi Ðăng","phường 10, quận Tân Bình","Hồ Chí Minh","700000","84","","Chủ shop","0971318520","kieutranghien@gmail.com","Cô","Admin UIT.IS336.L12.4","UIT.IS336.L12.4","Bảng giá niêm yết 1","331 Tài khoản phải trả thương mại","131 Khoản phải thu của khách hàng"
"person","Vũ Cương Hoài","contact","số 127, đường Nhi Tạ, phường 7, quận Gò Vấp, thành phố Hồ Chí Minh","số 127, đường Nhi Tạ","phường 7, quận Gò Vấp","Hồ Chí Minh","700000","84","","Chủ shop","0882276418","vucuonghoai@gmail.com","Cô","Admin UIT.IS336.L12.4","UIT.IS336.L12.4","Bảng giá niêm yết 1","331 Tài khoản phải trả thương mại","131 Khoản phải thu của khách hàng"
"person","Trần Chuyên Khánh","contact","số 494, đường Chấn Thuận, phường 5, quận Quận 6, thành phố Hồ Chí Minh","số 494, đường Chấn Thuận","phường 5, quận Quận 6","Hồ Chí Minh","700000","84","","Chủ shop","0880719444","tranchuyenkhanh@gmail.com","Cô","Admin UIT.IS336.L12.4","UIT.IS336.L12.4","Bảng giá niêm yết 1","331 Tài khoản phải trả thương mại","131 Khoản phải thu của khách hàng"
"person","Nguyễn Du Trà","contact","số 464, đường Đỗ Xuyến Thiệu, phường 8, quận Quận 10, thành phố Hồ Chí Minh","số 464, đường Đỗ Xuyến Thiệu","phường 8, quận Quận 10","Hồ Chí Minh","700000","84","","Chủ shop","0901901249","nguyendutra@gmail.com","Cô","Admin UIT.IS336.L12.4","UIT.IS336.L12.4","Bảng giá niêm yết 1","331 Tài khoản phải trả thương mại","131 Khoản phải thu của khách hàng"
"person","Nguyễn Kỳ","contact","số 117, hẻm 14, đường Trinh Ðinh, phường Yên Sở, quận Hoàng Mai, thành phố Hà Nội","số 117, hẻm 14","đường Trinh Ðinh, phường Yên Sở, quận Hoàng Mai","Hà Nội","100000","84","","Chủ shop","0989402499","nguyenky@gmail.com","Anh","Admin UIT.IS336.L12.4","UIT.IS336.L12.4","Bảng giá niêm yết 1","331 Tài khoản phải trả thương mại","131 Khoản phải thu của khách hàng"
"person","Nguyễn Tuyền Quốc","contact","số 310, xóm 2, thôn 6, xã Lại Yên, huyện Hoài Đức, thành phố Hà Nội","số 310, xóm 2","thôn 6, xã Lại Yên, huyện Hoài Đức","Hà Nội","100000","84","","Chủ shop","0918053856","nguyentuyenquoc@gmail.com","Cô","Admin UIT.IS336.L12.4","UIT.IS336.L12.4","Bảng giá niêm yết 1","331 Tài khoản phải trả thương mại","131 Khoản phải thu của khách hàng"
"person","Lê Phước","contact","số 470, đường Quế Khúc, phường 8, quận Quận 11, thành phố Hồ Chí Minh","số 470, đường Quế Khúc","phường 8, quận Quận 11","Hồ Chí Minh","700000","84","","Chủ shop","0910229019","lephuoc@gmail.com","Anh","Admin UIT.IS336.L12.4","UIT.IS336.L12.4","Bảng giá niêm yết 1","331 Tài khoản phải trả thương mại","131 Khoản phải thu của khách hàng"
"person","Nguyễn Ân","contact","số 796, hẻm 35, đường Nguyễn Tài Từ, phường Tây Mỗ, quận Nam Từ Liêm, thành phố Hà Nội","số 796, hẻm 35","đường Nguyễn Tài Từ, phường Tây Mỗ, quận Nam Từ Liêm","Hà Nội","100000","84","","Chủ shop","0902176900","nguyenan@gmail.com","Cô","Admin UIT.IS336.L12.4","UIT.IS336.L12.4","Bảng giá niêm yết 1","331 Tài khoản phải trả thương mại","131 Khoản phải thu của khách hàng"
"person","Nguyễn Khoa Trụ Chiêu","contact","số 215, xóm Ðức Anh, thôn 5, xã Xuân Dương, huyện Thanh Oai, thành phố Hà Nội","số 215, xóm Ðức Anh","thôn 5, xã Xuân Dương, huyện Thanh Oai","Hà Nội","100000","84","","Chủ shop","0962405890","nguyenkhoatruchieu@gmail.com","Cô","Admin UIT.IS336.L12.4","UIT.IS336.L12.4","Bảng giá niêm yết 1","331 Tài khoản phải trả thương mại","131 Khoản phải thu của khách hàng"
"person","Nguyễn Thái Huyền","contact","số 737, đường Vũ Sa Hạo, thị trấn Xuân Mai , huyện Chương Mỹ, thành phố Hà Nội","số 737, đường Vũ Sa Hạo","thị trấn Xuân Mai , huyện Chương Mỹ","Hà Nội","100000","84","","Chủ shop","0882703315","nguyenthaihuyen@gmail.com","Anh","Admin UIT.IS336.L12.4","UIT.IS336.L12.4","Bảng giá niêm yết 1","331 Tài khoản phải trả thương mại","131 Khoản phải thu của khách hàng"
"person","Lê Ðan","contact","số 605, đường Hành Sỹ, phường Mỹ An, quận Ngũ Hành Sơn, thành phố Đà Nẵng","số 605, đường Hành Sỹ","phường Mỹ An, quận Ngũ Hành Sơn","Đà Nẵng","550000","84","","Chủ shop","0968173962","leðan@gmail.com","Anh","Admin UIT.IS336.L12.4","UIT.IS336.L12.4","Bảng giá niêm yết 1","331 Tài khoản phải trả thương mại","131 Khoản phải thu của khách hàng"
"person","Viên Vân Trâm","contact","số 483, xóm 10, thôn 4, xã Trung Chánh, huyện Hóc Môn, thành phố Hồ Chí Minh","số 483, xóm 10","thôn 4, xã Trung Chánh, huyện Hóc Môn","Hồ Chí Minh","700000","84","","Chủ shop","0881503745","vienvantram@gmail.com","Anh","Admin UIT.IS336.L12.4","UIT.IS336.L12.4","Bảng giá niêm yết 1","331 Tài khoản phải trả thương mại","131 Khoản phải thu của khách hàng"
"person","Phạm Sáng Xuân","contact","số 890, đường Lợi Vy, phường Nại Hiên Đông, quận Sơn Trà, thành phố Đà Nẵng","số 890, đường Lợi Vy","phường Nại Hiên Đông, quận Sơn Trà","Đà Nẵng","550000","84","","Chủ shop","0994692499","phamsangxuan@gmail.com","Cô","Admin UIT.IS336.L12.4","UIT.IS336.L12.4","Bảng giá niêm yết 1","331 Tài khoản phải trả thương mại","131 Khoản phải thu của khách hàng"
"person","Phạm Chinh Yến","contact","số 128, đường Vũ Dụng Thy, phường Tân Thới Hòa, quận Tân Phú, thành phố Hồ Chí Minh","số 128, đường Vũ Dụng Thy","phường Tân Thới Hòa, quận Tân Phú","Hồ Chí Minh","700000","84","","Chủ shop","0958677213","phamchinhyen@gmail.com","Cô","Admin UIT.IS336.L12.4","UIT.IS336.L12.4","Bảng giá niêm yết 1","331 Tài khoản phải trả thương mại","131 Khoản phải thu của khách hàng"
"person","Nguyễn Hạnh Chiêu Ðan","contact","số 199, đường Võ Như, phường An Lạc, quận Bình Tân, thành phố Hồ Chí Minh","số 199, đường Võ Như","phường An Lạc, quận Bình Tân","Hồ Chí Minh","700000","84","","Chủ shop","0891192761","nguyenhanhchieuðan@gmail.com","Anh","Admin UIT.IS336.L12.4","UIT.IS336.L12.4","Bảng giá niêm yết 1","331 Tài khoản phải trả thương mại","131 Khoản phải thu của khách hàng"
"person","Trần Nhi Ðại","contact","số 212, đường Nguyễn Nghị Trung, phường Hòa Khánh Nam, quận Liên Chiểu, thành phố Đà Nẵng","số 212, đường Nguyễn Nghị Trung","phường Hòa Khánh Nam, quận Liên Chiểu","Đà Nẵng","550000","84","","Chủ shop","0883186909","trannhiðai@gmail.com","Cô","Admin UIT.IS336.L12.4","UIT.IS336.L12.4","Bảng giá niêm yết 1","331 Tài khoản phải trả thương mại","131 Khoản phải thu của khách hàng"
"person","Lê Thoa Hoàn","contact","số 726, xóm Trúc Tường, thôn 7, xã Hòa Phú, huyện Củ Chi, thành phố Hồ Chí Minh","số 726, xóm Trúc Tường","thôn 7, xã Hòa Phú, huyện Củ Chi","Hồ Chí Minh","700000","84","","Chủ shop","0873412584","lethoahoan@gmail.com","Cô","Admin UIT.IS336.L12.4","UIT.IS336.L12.4","Bảng giá niêm yết 1","331 Tài khoản phải trả thương mại","131 Khoản phải thu của khách hàng"
"person","Lê Mộng","contact","số 710, xóm 5, thôn Thạc Ðan, xã Tân Xuân, huyện Hóc Môn, thành phố Hồ Chí Minh","số 710, xóm 5","thôn Thạc Ðan, xã Tân Xuân, huyện Hóc Môn","Hồ Chí Minh","700000","84","","Chủ shop","0970639625","lemong@gmail.com","Cô","Admin UIT.IS336.L12.4","UIT.IS336.L12.4","Bảng giá niêm yết 1","331 Tài khoản phải trả thương mại","131 Khoản phải thu của khách hàng"
"person","Phan Trầm Khánh","contact","số 632, xóm 4, thôn 2, xã Trung Mầu, huyện Gia Lâm, thành phố Hà Nội","số 632, xóm 4","thôn 2, xã Trung Mầu, huyện Gia Lâm","Hà Nội","100000","84","","Chủ shop","0997941285","phantramkhanh@gmail.com","Anh","Admin UIT.IS336.L12.4","UIT.IS336.L12.4","Bảng giá niêm yết 1","331 Tài khoản phải trả thương mại","131 Khoản phải thu của khách hàng"
"person","Phạm Ðức Cẩm","contact","số 392, hẻm 100, đường Tào Ðài Hồng, phường 8, quận Quận 8, thành phố Hồ Chí Minh","số 392, hẻm 100","đường Tào Ðài Hồng, phường 8, quận Quận 8","Hồ Chí Minh","700000","84","","Chủ shop","0930065292","phamðuccam@gmail.com","Anh","Admin UIT.IS336.L12.4","UIT.IS336.L12.4","Bảng giá niêm yết 1","331 Tài khoản phải trả thương mại","131 Khoản phải thu của khách hàng"
"person","Võ Ái","contact","số 351, xóm 4, thôn 8, xã Trung Tú, huyện Ứng Hòa, thành phố Hà Nội","số 351, xóm 4","thôn 8, xã Trung Tú, huyện Ứng Hòa","Hà Nội","100000","84","","Chủ shop","0891183213","voai@gmail.com","Anh","Admin UIT.IS336.L12.4","UIT.IS336.L12.4","Bảng giá niêm yết 1","331 Tài khoản phải trả thương mại","131 Khoản phải thu của khách hàng"
"person","Nguyễn Linh","contact","số 998, đường Trình Ðắc, phường Tân Thành, quận Tân Phú, thành phố Hồ Chí Minh","số 998, đường Trình Ðắc","phường Tân Thành, quận Tân Phú","Hồ Chí Minh","700000","84","","Chủ shop","0880359121","nguyenlinh@gmail.com","Cô","Admin UIT.IS336.L12.4","UIT.IS336.L12.4","Bảng giá niêm yết 1","331 Tài khoản phải trả thương mại","131 Khoản phải thu của khách hàng"
"person","Võ Duyên Tân Hoàn","contact","số 980, đường Huỳnh Hảo Chấn, phường Anh Dũng, quận Dương Kinh, thành phố Hải Phòng","số 980, đường Huỳnh Hảo Chấn","phường Anh Dũng, quận Dương Kinh","Hải Phòng","180000","84","","Chủ shop","0882387489","voduyentanhoan@gmail.com","Cô","Admin UIT.IS336.L12.4","UIT.IS336.L12.4","Bảng giá niêm yết 1","331 Tài khoản phải trả thương mại","131 Khoản phải thu của khách hàng"
"person","Tấn Oanh Phúc San","contact","số 306, đường Trần Nữ Tất, phường Tân Thới Hòa, quận Tân Phú, thành phố Hồ Chí Minh","số 306, đường Trần Nữ Tất","phường Tân Thới Hòa, quận Tân Phú","Hồ Chí Minh","700000","84","","Chủ shop","0982658077","tanoanhphucsan@gmail.com","Cô","Admin UIT.IS336.L12.4","UIT.IS336.L12.4","Bảng giá niêm yết 1","331 Tài khoản phải trả thương mại","131 Khoản phải thu của khách hàng"
"person","Nguyễn Ðịnh Vạn","contact","số 665, đường Trần Tiên Hà, phường Láng Hạ, quận Đống Đa, thành phố Hà Nội","số 665, đường Trần Tiên Hà","phường Láng Hạ, quận Đống Đa","Hà Nội","100000","84","","Chủ shop","0926754611","nguyenðinhvan@gmail.com","Cô","Admin UIT.IS336.L12.4","UIT.IS336.L12.4","Bảng giá niêm yết 1","331 Tài khoản phải trả thương mại","131 Khoản phải thu của khách hàng"
"person","Nguyễn Tịnh","contact","số 847, hẻm 98, đường Nguyễn Bảo Tố, phường Long Trường, quận Quận 9, thành phố Hồ Chí Minh","số 847, hẻm 98","đường Nguyễn Bảo Tố, phường Long Trường, quận Quận 9","Hồ Chí Minh","700000","84","","Chủ shop","0970713944","nguyentinh@gmail.com","Cô","Admin UIT.IS336.L12.4","UIT.IS336.L12.4","Bảng giá niêm yết 1","331 Tài khoản phải trả thương mại","131 Khoản phải thu của khách hàng"
"person","Nguyễn Chi Uyên","contact","số 90, đường Khải Khôi, phường Mai Động, quận Hoàng Mai, thành phố Hà Nội","số 90, đường Khải Khôi","phường Mai Động, quận Hoàng Mai","Hà Nội","100000","84","","Chủ shop","0999027640","nguyenchiuyen@gmail.com","Anh","Admin UIT.IS336.L12.4","UIT.IS336.L12.4","Bảng giá niêm yết 1","331 Tài khoản phải trả thương mại","131 Khoản phải thu của khách hàng"
"person","Huỳnh Dụng Tạ","contact","số 837, đường Quốc Ðan, phường 8, quận Gò Vấp, thành phố Hồ Chí Minh","số 837, đường Quốc Ðan","phường 8, quận Gò Vấp","Hồ Chí Minh","700000","84","","Chủ shop","0957705157","huynhdungta@gmail.com","Cô","Admin UIT.IS336.L12.4","UIT.IS336.L12.4","Bảng giá niêm yết 1","331 Tài khoản phải trả thương mại","131 Khoản phải thu của khách hàng"
"person","Phan Bắc Khanh Tâm","contact","số 505, xóm 4, thôn 6, xã Tân Hiệp, huyện Hóc Môn, thành phố Hồ Chí Minh","số 505, xóm 4","thôn 6, xã Tân Hiệp, huyện Hóc Môn","Hồ Chí Minh","700000","84","","Chủ shop","0904900671","phanbackhanhtam@gmail.com","Cô","Admin UIT.IS336.L12.4","UIT.IS336.L12.4","Bảng giá niêm yết 1","331 Tài khoản phải trả thương mại","131 Khoản phải thu của khách hàng"
"person","Hoàng Chiêu Quyết Tạ","contact","số 237, xóm Viên Mộng, thôn 8, xã Bình Chánh, huyện Bình Chánh, thành phố Hồ Chí Minh","số 237, xóm Viên Mộng","thôn 8, xã Bình Chánh, huyện Bình Chánh","Hồ Chí Minh","700000","84","","Chủ shop","0911845613","hoangchieuquyetta@gmail.com","Anh","Admin UIT.IS336.L12.4","UIT.IS336.L12.4","Bảng giá niêm yết 1","331 Tài khoản phải trả thương mại","131 Khoản phải thu của khách hàng"
"person","Nguyễn San","contact","số 655, xóm 6, thôn 3, xã Nhơn Đức, huyện Nhà Bè, thành phố Hồ Chí Minh","số 655, xóm 6","thôn 3, xã Nhơn Đức, huyện Nhà Bè","Hồ Chí Minh","700000","84","","Chủ shop","0891593087","nguyensan@gmail.com","Anh","Admin UIT.IS336.L12.4","UIT.IS336.L12.4","Bảng giá niêm yết 1","331 Tài khoản phải trả thương mại","131 Khoản phải thu của khách hàng"
"person","Võ Tiên Lương Khởi","contact","số 982, đường Nguyễn Diệu Thu, phường 3, quận Quận 6, thành phố Hồ Chí Minh","số 982, đường Nguyễn Diệu Thu","phường 3, quận Quận 6","Hồ Chí Minh","700000","84","","Chủ shop","0924032203","votienluongkhoi@gmail.com","Cô","Admin UIT.IS336.L12.4","UIT.IS336.L12.4","Bảng giá niêm yết 1","331 Tài khoản phải trả thương mại","131 Khoản phải thu của khách hàng"
"person","Khổng Thịnh Chấn","contact","số 454, đường Phạm Hiền Vũ, phường Minh Khai, quận Hồng Bàng, thành phố Hải Phòng","số 454, đường Phạm Hiền Vũ","phường Minh Khai, quận Hồng Bàng","Hải Phòng","180000","84","","Chủ shop","0990177626","khongthinhchan@gmail.com","Anh","Admin UIT.IS336.L12.4","UIT.IS336.L12.4","Bảng giá niêm yết 1","331 Tài khoản phải trả thương mại","131 Khoản phải thu của khách hàng"
"person","Lèng Thanh Tuyền Cường","contact","số 175, đường Nguyễn Võ Thúy, phường Vĩnh Trung, quận Thanh Khê, thành phố Đà Nẵng","số 175, đường Nguyễn Võ Thúy","phường Vĩnh Trung, quận Thanh Khê","Đà Nẵng","550000","84","","Chủ shop","0984683967","lengthanhtuyencuong@gmail.com","Cô","Admin UIT.IS336.L12.4","UIT.IS336.L12.4","Bảng giá niêm yết 1","331 Tài khoản phải trả thương mại","131 Khoản phải thu của khách hàng"
"person","Nguyễn Hậu Minh","contact","số 953, đường Trần Liêm Hiệp, phường 4, quận Gò Vấp, thành phố Hồ Chí Minh","số 953, đường Trần Liêm Hiệp","phường 4, quận Gò Vấp","Hồ Chí Minh","700000","84","","Chủ shop","0894724120","nguyenhauminh@gmail.com","Anh","Admin UIT.IS336.L12.4","UIT.IS336.L12.4","Bảng giá niêm yết 1","331 Tài khoản phải trả thương mại","131 Khoản phải thu của khách hàng"
"person","Nguyễn Quảng Khánh","contact","số 592, hẻm Thương Thy, đường Vũ Hoán Cát, phường 5, quận Tân Bình, thành phố Hồ Chí Minh","số 592, hẻm Thương Thy","đường Vũ Hoán Cát, phường 5, quận Tân Bình","Hồ Chí Minh","700000","84","","Chủ shop","0888316838","nguyenquangkhanh@gmail.com","Anh","Admin UIT.IS336.L12.4","UIT.IS336.L12.4","Bảng giá niêm yết 1","331 Tài khoản phải trả thương mại","131 Khoản phải thu của khách hàng"
"person","Hoàng Thạch","contact","số 933, xóm 8, thôn Thiên Hòa, xã Tân Phú Trung, huyện Củ Chi, thành phố Hồ Chí Minh","số 933, xóm 8","thôn Thiên Hòa, xã Tân Phú Trung, huyện Củ Chi","Hồ Chí Minh","700000","84","","Chủ shop","0938290244","hoangthach@gmail.com","Cô","Admin UIT.IS336.L12.4","UIT.IS336.L12.4","Bảng giá niêm yết 1","331 Tài khoản phải trả thương mại","131 Khoản phải thu của khách hàng"
"person","Trần Trung Miên Tường","contact","số 867, xóm 1, thôn Nhất Thư, xã Hồng Thái, huyện An Dương, thành phố Hải Phòng","số 867, xóm 1","thôn Nhất Thư, xã Hồng Thái, huyện An Dương","Hải Phòng","180000","84","","Chủ shop","0946990390","trantrungmientuong@gmail.com","Anh","Admin UIT.IS336.L12.4","UIT.IS336.L12.4","Bảng giá niêm yết 1","331 Tài khoản phải trả thương mại","131 Khoản phải thu của khách hàng"
"person","Đặng Cầm Thắng","contact","số 783, đường Huỳnh Nghĩa An, phường Hưng Lợi, quận Ninh Kiều, thành phố Cần Thơ","số 783, đường Huỳnh Nghĩa An","phường Hưng Lợi, quận Ninh Kiều","Cần Thơ","900000","84","","Chủ shop","0903931925","dangcamthang@gmail.com","Anh","Admin UIT.IS336.L12.4","UIT.IS336.L12.4","Bảng giá niêm yết 1","331 Tài khoản phải trả thương mại","131 Khoản phải thu của khách hàng"
"person","Nguyễn Thành Canh Phương","contact","số 144, đường Dương Sa Mộng, phường 2, quận Quận 6, thành phố Hồ Chí Minh","số 144, đường Dương Sa Mộng","phường 2, quận Quận 6","Hồ Chí Minh","700000","84","","Chủ shop","0863531555","nguyenthanhcanhphuong@gmail.com","Cô","Admin UIT.IS336.L12.4","UIT.IS336.L12.4","Bảng giá niêm yết 1","331 Tài khoản phải trả thương mại","131 Khoản phải thu của khách hàng"
"person","Lê Ngôn Diệp","contact","số 534, đường Huỳnh Lệ Bạch, phường Kim Giang, quận Thanh Xuân, thành phố Hà Nội","số 534, đường Huỳnh Lệ Bạch","phường Kim Giang, quận Thanh Xuân","Hà Nội","100000","84","","Chủ shop","0888402261","lengondiep@gmail.com","Anh","Admin UIT.IS336.L12.4","UIT.IS336.L12.4","Bảng giá niêm yết 1","331 Tài khoản phải trả thương mại","131 Khoản phải thu của khách hàng"
"person","Hoàng Lập","contact","số 286, đường Trần Tân Quyết, phường Tân Tạo A, quận Bình Tân, thành phố Hồ Chí Minh","số 286, đường Trần Tân Quyết","phường Tân Tạo A, quận Bình Tân","Hồ Chí Minh","700000","84","","Chủ shop","0985691045","hoanglap@gmail.com","Anh","Admin UIT.IS336.L12.4","UIT.IS336.L12.4","Bảng giá niêm yết 1","331 Tài khoản phải trả thương mại","131 Khoản phải thu của khách hàng"
"person","Phan Ly Quyền Hiểu","contact","số 621, xóm 7, thôn 10, xã Trường Thành, huyện An Lão, thành phố Hải Phòng","số 621, xóm 7","thôn 10, xã Trường Thành, huyện An Lão","Hải Phòng","180000","84","","Chủ shop","0921590177","phanlyquyenhieu@gmail.com","Cô","Admin UIT.IS336.L12.4","UIT.IS336.L12.4","Bảng giá niêm yết 1","331 Tài khoản phải trả thương mại","131 Khoản phải thu của khách hàng"
"person","Lê Hiền Mi Hạo","contact","số 937, xóm Lương Huyền, thôn 4, xã Phạm Văn Hai, huyện Bình Chánh, thành phố Hồ Chí Minh","số 937, xóm Lương Huyền","thôn 4, xã Phạm Văn Hai, huyện Bình Chánh","Hồ Chí Minh","700000","84","","Chủ shop","0996767275","lehienmihao@gmail.com","Anh","Admin UIT.IS336.L12.4","UIT.IS336.L12.4","Bảng giá niêm yết 1","331 Tài khoản phải trả thương mại","131 Khoản phải thu của khách hàng"
"person","Nguyễn Khang Tân","contact","số 55, xóm Trương Chính, thôn Vĩnh Linh, xã Tân Kiên, huyện Bình Chánh, thành phố Hồ Chí Minh","số 55, xóm Trương Chính","thôn Vĩnh Linh, xã Tân Kiên, huyện Bình Chánh","Hồ Chí Minh","700000","84","","Chủ shop","0970063797","nguyenkhangtan@gmail.com","Anh","Admin UIT.IS336.L12.4","UIT.IS336.L12.4","Bảng giá niêm yết 1","331 Tài khoản phải trả thương mại","131 Khoản phải thu của khách hàng"
"person","Huỳnh Thành","contact","số 112, đường Nguyễn An Ái, phường Sơn Đông, thị xã Sơn Tây, thành phố Hà Nội","số 112, đường Nguyễn An Ái","phường Sơn Đông, thị xã Sơn Tây","Hà Nội","100000","84","","Chủ shop","0900378228","huynhthanh@gmail.com","Cô","Admin UIT.IS336.L12.4","UIT.IS336.L12.4","Bảng giá niêm yết 1","331 Tài khoản phải trả thương mại","131 Khoản phải thu của khách hàng"
"person","Nguyễn Hân Vinh Dũng","contact","số 508, xóm Quỳnh Lưu, thôn 7, xã Hiền Giang, huyện Thường Tín, thành phố Hà Nội","số 508, xóm Quỳnh Lưu","thôn 7, xã Hiền Giang, huyện Thường Tín","Hà Nội","100000","84","","Chủ shop","0977022425","nguyenhanvinhdung@gmail.com","Anh","Admin UIT.IS336.L12.4","UIT.IS336.L12.4","Bảng giá niêm yết 1","331 Tài khoản phải trả thương mại","131 Khoản phải thu của khách hàng"
"person","Huỳnh Viên Lương","contact","số 68, hẻm 63, đường Nguyễn Anh Chí, phường Lạc Viên, quận Ngô Quyền, thành phố Hải Phòng","số 68, hẻm 63","đường Nguyễn Anh Chí, phường Lạc Viên, quận Ngô Quyền","Hải Phòng","180000","84","","Chủ shop","0923187370","huynhvienluong@gmail.com","Cô","Admin UIT.IS336.L12.4","UIT.IS336.L12.4","Bảng giá niêm yết 1","331 Tài khoản phải trả thương mại","131 Khoản phải thu của khách hàng"
"person","Nguyễn Từ","contact","số 413, xóm 9, thôn Nhân Quốc, xã Giai Xuân, huyện Phong Điền, thành phố Cần Thơ","số 413, xóm 9","thôn Nhân Quốc, xã Giai Xuân, huyện Phong Điền","Cần Thơ","900000","84","","Chủ shop","0927376985","nguyentu@gmail.com","Anh","Admin UIT.IS336.L12.4","UIT.IS336.L12.4","Bảng giá niêm yết 1","331 Tài khoản phải trả thương mại","131 Khoản phải thu của khách hàng"
"person","Lê Nương Loan Mạnh","contact","số 491, xóm 2, thôn 2, xã Phù Lỗ, huyện Sóc Sơn, thành phố Hà Nội","số 491, xóm 2","thôn 2, xã Phù Lỗ, huyện Sóc Sơn","Hà Nội","100000","84","","Chủ shop","0998586875","lenuongloanmanh@gmail.com","Cô","Admin UIT.IS336.L12.4","UIT.IS336.L12.4","Bảng giá niêm yết 1","331 Tài khoản phải trả thương mại","131 Khoản phải thu của khách hàng"
"person","Nguyễn Hương","contact","số 783, hẻm 62, đường Trần Từ Nhân, phường Tân Tạo, quận Bình Tân, thành phố Hồ Chí Minh","số 783, hẻm 62","đường Trần Từ Nhân, phường Tân Tạo, quận Bình Tân","Hồ Chí Minh","700000","84","","Chủ shop","0996083895","nguyenhuong@gmail.com","Cô","Admin UIT.IS336.L12.4","UIT.IS336.L12.4","Bảng giá niêm yết 1","331 Tài khoản phải trả thương mại","131 Khoản phải thu của khách hàng"
"person","Hoàng Kiên","contact","số 422, đường Nguyễn Nữ Vinh, phường Máy Chai, quận Ngô Quyền, thành phố Hải Phòng","số 422, đường Nguyễn Nữ Vinh","phường Máy Chai, quận Ngô Quyền","Hải Phòng","180000","84","","Chủ shop","0880172889","hoangkien@gmail.com","Anh","Admin UIT.IS336.L12.4","UIT.IS336.L12.4","Bảng giá niêm yết 1","331 Tài khoản phải trả thương mại","131 Khoản phải thu của khách hàng"
"person","Võ Ðài","contact","số 655, xóm 2, thôn Nhi Lưu, xã Châu Sơn, huyện Ba Vì, thành phố Hà Nội","số 655, xóm 2","thôn Nhi Lưu, xã Châu Sơn, huyện Ba Vì","Hà Nội","100000","84","","Chủ shop","0882386431","voðai@gmail.com","Anh","Admin UIT.IS336.L12.4","UIT.IS336.L12.4","Bảng giá niêm yết 1","331 Tài khoản phải trả thương mại","131 Khoản phải thu của khách hàng"
"person","Lãnh Vân Giáng","contact","số 359, hẻm 64, đường Nguyễn Trình Thế, phường Hiệp Bình Chánh, quận Thủ Đức, thành phố Hồ Chí Minh","số 359, hẻm 64","đường Nguyễn Trình Thế, phường Hiệp Bình Chánh, quận Thủ Đức","Hồ Chí Minh","700000","84","","Chủ shop","0968940000","lanhvangiang@gmail.com","Anh","Admin UIT.IS336.L12.4","UIT.IS336.L12.4","Bảng giá niêm yết 1","331 Tài khoản phải trả thương mại","131 Khoản phải thu của khách hàng"
"person","Trần Lĩnh Ẩn Ðắc","contact","số 728, đường Doanh Lệ, phường Máy Tơ, quận Ngô Quyền, thành phố Hải Phòng","số 728, đường Doanh Lệ","phường Máy Tơ, quận Ngô Quyền","Hải Phòng","180000","84","","Chủ shop","0958036745","tranlinhanðac@gmail.com","Cô","Admin UIT.IS336.L12.4","UIT.IS336.L12.4","Bảng giá niêm yết 1","331 Tài khoản phải trả thương mại","131 Khoản phải thu của khách hàng"
"person","Vũ Hường Hạ","contact","số 343, xóm Hoan Trung, thôn Thoa Phượng, xã Thụy An, huyện Ba Vì, thành phố Hà Nội","số 343, xóm Hoan Trung","thôn Thoa Phượng, xã Thụy An, huyện Ba Vì","Hà Nội","100000","84","","Chủ shop","0974898382","vuhuongha@gmail.com","Cô","Admin UIT.IS336.L12.4","UIT.IS336.L12.4","Bảng giá niêm yết 1","331 Tài khoản phải trả thương mại","131 Khoản phải thu của khách hàng"
"person","Nguyễn Ánh Hân Thường","contact","số 379, xóm 9, thôn 5, xã Quang Trung, huyện An Lão, thành phố Hải Phòng","số 379, xóm 9","thôn 5, xã Quang Trung, huyện An Lão","Hải Phòng","180000","84","","Chủ shop","0889221983","nguyenanhhanthuong@gmail.com","Anh","Admin UIT.IS336.L12.4","UIT.IS336.L12.4","Bảng giá niêm yết 1","331 Tài khoản phải trả thương mại","131 Khoản phải thu của khách hàng"
"person","Dương Mai Chiến Gia","contact","số 114, xóm Dũng Bạch, thôn 10, xã Đa Phước, huyện Bình Chánh, thành phố Hồ Chí Minh","số 114, xóm Dũng Bạch","thôn 10, xã Đa Phước, huyện Bình Chánh","Hồ Chí Minh","700000","84","","Chủ shop","0934793220","duongmaichiengia@gmail.com","Anh","Admin UIT.IS336.L12.4","UIT.IS336.L12.4","Bảng giá niêm yết 1","331 Tài khoản phải trả thương mại","131 Khoản phải thu của khách hàng"
"person","Nguyễn Toàn Anh","contact","số 768, đường Vũ Hữu Anh, phường 13, quận Quận 8, thành phố Hồ Chí Minh","số 768, đường Vũ Hữu Anh","phường 13, quận Quận 8","Hồ Chí Minh","700000","84","","Chủ shop","0942995314","nguyentoananh@gmail.com","Cô","Admin UIT.IS336.L12.4","UIT.IS336.L12.4","Bảng giá niêm yết 1","331 Tài khoản phải trả thương mại","131 Khoản phải thu của khách hàng"
"person","Nguyễn Loan Thảo","contact","số 382, xóm 5, thôn 2, xã Vĩnh Bình, huyện Vĩnh Thạnh, thành phố Cần Thơ","số 382, xóm 5","thôn 2, xã Vĩnh Bình, huyện Vĩnh Thạnh","Cần Thơ","900000","84","","Chủ shop","0899787313","nguyenloanthao@gmail.com","Anh","Admin UIT.IS336.L12.4","UIT.IS336.L12.4","Bảng giá niêm yết 1","331 Tài khoản phải trả thương mại","131 Khoản phải thu của khách hàng"
"person","Võ Thiện Khuê","contact","số 671, đường Vũ Thảo Thụ, phường Tân Chánh Hiệp, quận Quận 12, thành phố Hồ Chí Minh","số 671, đường Vũ Thảo Thụ","phường Tân Chánh Hiệp, quận Quận 12","Hồ Chí Minh","700000","84","","Chủ shop","0994568646","vothienkhue@gmail.com","Anh","Admin UIT.IS336.L12.4","UIT.IS336.L12.4","Bảng giá niêm yết 1","331 Tài khoản phải trả thương mại","131 Khoản phải thu của khách hàng"
"person","Nguyễn Loan Diệp","contact","số 896, đường Phát Khắc, phường Tân Tạo A, quận Bình Tân, thành phố Hồ Chí Minh","số 896, đường Phát Khắc","phường Tân Tạo A, quận Bình Tân","Hồ Chí Minh","700000","84","","Chủ shop","0907089720","nguyenloandiep@gmail.com","Anh","Admin UIT.IS336.L12.4","UIT.IS336.L12.4","Bảng giá niêm yết 1","331 Tài khoản phải trả thương mại","131 Khoản phải thu của khách hàng"
"person","Nguyễn Vượng Triết Việt","contact","số 725, đường Hoàng Quỳnh Thiên, phường Thới Hoà, quận Ô Môn, thành phố Cần Thơ","số 725, đường Hoàng Quỳnh Thiên","phường Thới Hoà, quận Ô Môn","Cần Thơ","900000","84","","Chủ shop","0960011671","nguyenvuongtrietviet@gmail.com","Cô","Admin UIT.IS336.L12.4","UIT.IS336.L12.4","Bảng giá niêm yết 1","331 Tài khoản phải trả thương mại","131 Khoản phải thu của khách hàng"
"person","Phan Ðình","contact","số 795, hẻm 17, đường Đức Viết, phường Hòa Xuân, quận Cẩm Lệ, thành phố Đà Nẵng","số 795, hẻm 17","đường Đức Viết, phường Hòa Xuân, quận Cẩm Lệ","Đà Nẵng","550000","84","","Chủ shop","0914021019","phanðinh@gmail.com","Cô","Admin UIT.IS336.L12.4","UIT.IS336.L12.4","Bảng giá niêm yết 1","331 Tài khoản phải trả thương mại","131 Khoản phải thu của khách hàng"
"person","Hồ Sáng Triệu","contact","số 587, hẻm 87, đường Võ Kiệt Yên, phường Phú Mỹ, quận Quận 7, thành phố Hồ Chí Minh","số 587, hẻm 87","đường Võ Kiệt Yên, phường Phú Mỹ, quận Quận 7","Hồ Chí Minh","700000","84","","Chủ shop","0929960803","hosangtrieu@gmail.com","Anh","Admin UIT.IS336.L12.4","UIT.IS336.L12.4","Bảng giá niêm yết 1","331 Tài khoản phải trả thương mại","131 Khoản phải thu của khách hàng"
"person","Huỳnh Khiêm Khôi Chí","contact","số 105, xóm Hưng Sơn, thôn Lập Danh, xã Liên Châu, huyện Thanh Oai, thành phố Hà Nội","số 105, xóm Hưng Sơn","thôn Lập Danh, xã Liên Châu, huyện Thanh Oai","Hà Nội","100000","84","","Chủ shop","0915462848","huynhkhiemkhoichi@gmail.com","Anh","Admin UIT.IS336.L12.4","UIT.IS336.L12.4","Bảng giá niêm yết 1","331 Tài khoản phải trả thương mại","131 Khoản phải thu của khách hàng"
"person","Nguyễn Sương Triệu Vũ","contact","số 99, xóm Lợi Thư, thôn 2, xã Tam Hưng, huyện Thanh Oai, thành phố Hà Nội","số 99, xóm Lợi Thư","thôn 2, xã Tam Hưng, huyện Thanh Oai","Hà Nội","100000","84","","Chủ shop","0930949819","nguyensuongtrieuvu@gmail.com","Anh","Admin UIT.IS336.L12.4","UIT.IS336.L12.4","Bảng giá niêm yết 1","331 Tài khoản phải trả thương mại","131 Khoản phải thu của khách hàng"
"person","Vũ Tài Uyển","contact","số 824, xóm 7, thôn Liêm Quế, xã Ngọc Hồi, huyện Thanh Trì, thành phố Hà Nội","số 824, xóm 7","thôn Liêm Quế, xã Ngọc Hồi, huyện Thanh Trì","Hà Nội","100000","84","","Chủ shop","0993141755","vutaiuyen@gmail.com","Cô","Admin UIT.IS336.L12.4","UIT.IS336.L12.4","Bảng giá niêm yết 1","331 Tài khoản phải trả thương mại","131 Khoản phải thu của khách hàng"
"person","Nguyễn Vũ","contact","số 852, đường Võ Trường Hà, phường Phú Trung, quận Tân Phú, thành phố Hồ Chí Minh","số 852, đường Võ Trường Hà","phường Phú Trung, quận Tân Phú","Hồ Chí Minh","700000","84","","Chủ shop","0895306136","nguyenvu@gmail.com","Anh","Admin UIT.IS336.L12.4","UIT.IS336.L12.4","Bảng giá niêm yết 1","331 Tài khoản phải trả thương mại","131 Khoản phải thu của khách hàng"
"person","Phạm Lộc Trà Tôn","contact","số 443, xóm Thụy Thạch, thôn 9, xã Trường Thành, huyện Thới Lai, thành phố Cần Thơ","số 443, xóm Thụy Thạch","thôn 9, xã Trường Thành, huyện Thới Lai","Cần Thơ","900000","84","","Chủ shop","0934775169","phamloctraton@gmail.com","Cô","Admin UIT.IS336.L12.4","UIT.IS336.L12.4","Bảng giá niêm yết 1","331 Tài khoản phải trả thương mại","131 Khoản phải thu của khách hàng"
"person","Phan Khai Trác Diệp","contact","số 215, xóm 1, thôn 2, xã Tân Hiệp, huyện Hóc Môn, thành phố Hồ Chí Minh","số 215, xóm 1","thôn 2, xã Tân Hiệp, huyện Hóc Môn","Hồ Chí Minh","700000","84","","Chủ shop","0883317753","phankhaitracdiep@gmail.com","Anh","Admin UIT.IS336.L12.4","UIT.IS336.L12.4","Bảng giá niêm yết 1","331 Tài khoản phải trả thương mại","131 Khoản phải thu của khách hàng"
"person","Hoàng Duy Vịnh Toàn","contact","số 766, xóm 10, thôn Tín Quảng, xã Xuân Canh, huyện Đông Anh, thành phố Hà Nội","số 766, xóm 10","thôn Tín Quảng, xã Xuân Canh, huyện Đông Anh","Hà Nội","100000","84","","Chủ shop","0979387475","hoangduyvinhtoan@gmail.com","Anh","Admin UIT.IS336.L12.4","UIT.IS336.L12.4","Bảng giá niêm yết 1","331 Tài khoản phải trả thương mại","131 Khoản phải thu của khách hàng"
"person","Lý Quốc Diệp","contact","số 593, xóm 5, thôn 4, xã Vân Canh, huyện Hoài Đức, thành phố Hà Nội","số 593, xóm 5","thôn 4, xã Vân Canh, huyện Hoài Đức","Hà Nội","100000","84","","Chủ shop","0972479649","lyquocdiep@gmail.com","Anh","Admin UIT.IS336.L12.4","UIT.IS336.L12.4","Bảng giá niêm yết 1","331 Tài khoản phải trả thương mại","131 Khoản phải thu của khách hàng"
"person","Nguyễn Kiệt Vĩnh","contact","số 996, xóm 9, thôn 4, xã Hòa Phú, huyện Củ Chi, thành phố Hồ Chí Minh","số 996, xóm 9","thôn 4, xã Hòa Phú, huyện Củ Chi","Hồ Chí Minh","700000","84","","Chủ shop","0944366936","nguyenkietvinh@gmail.com","Anh","Admin UIT.IS336.L12.4","UIT.IS336.L12.4","Bảng giá niêm yết 1","331 Tài khoản phải trả thương mại","131 Khoản phải thu của khách hàng"
"person","Nguyễn Hoài Tuyết","contact","số 218, hẻm Khang Lập, đường Huỳnh Hạ Phúc, phường Minh Khai, quận Hai Bà Trưng, thành phố Hà Nội","số 218, hẻm Khang Lập","đường Huỳnh Hạ Phúc, phường Minh Khai, quận Hai Bà Trưng","Hà Nội","100000","84","","Chủ shop","0924978979","nguyenhoaituyet@gmail.com","Cô","Admin UIT.IS336.L12.4","UIT.IS336.L12.4","Bảng giá niêm yết 1","331 Tài khoản phải trả thương mại","131 Khoản phải thu của khách hàng"
"person","Phạm Thụy Thống","contact","số 804, xóm Uy Chính, thôn 4, xã Quốc Tuấn, huyện An Dương, thành phố Hải Phòng","số 804, xóm Uy Chính","thôn 4, xã Quốc Tuấn, huyện An Dương","Hải Phòng","180000","84","","Chủ shop","0903241869","phamthuythong@gmail.com","Anh","Admin UIT.IS336.L12.4","UIT.IS336.L12.4","Bảng giá niêm yết 1","331 Tài khoản phải trả thương mại","131 Khoản phải thu của khách hàng"
"person","Bùi Đan Hảo","contact","số 251, xóm 6, thôn 7, xã Hòa Liên, huyện Hòa Vang, thành phố Đà Nẵng","số 251, xóm 6","thôn 7, xã Hòa Liên, huyện Hòa Vang","Đà Nẵng","550000","84","","Chủ shop","0912598058","buidanhao@gmail.com","Cô","Admin UIT.IS336.L12.4","UIT.IS336.L12.4","Bảng giá niêm yết 1","331 Tài khoản phải trả thương mại","131 Khoản phải thu của khách hàng"
"person","Nguyễn Hãn Nhật","contact","số 489, xóm 1, thôn 2, xã Tân Nhựt, huyện Bình Chánh, thành phố Hồ Chí Minh","số 489, xóm 1","thôn 2, xã Tân Nhựt, huyện Bình Chánh","Hồ Chí Minh","700000","84","","Chủ shop","0979862210","nguyenhannhat@gmail.com","Cô","Admin UIT.IS336.L12.4","UIT.IS336.L12.4","Bảng giá niêm yết 1","331 Tài khoản phải trả thương mại","131 Khoản phải thu của khách hàng"
"person","Nguyễn Vương Ðoan","contact","số 551, đường Nguyễn Duy Thụy, phường Quang Trung, quận Đống Đa, thành phố Hà Nội","số 551, đường Nguyễn Duy Thụy","phường Quang Trung, quận Đống Đa","Hà Nội","100000","84","","Chủ shop","0900450994","nguyenvuongðoan@gmail.com","Cô","Admin UIT.IS336.L12.4","UIT.IS336.L12.4","Bảng giá niêm yết 1","331 Tài khoản phải trả thương mại","131 Khoản phải thu của khách hàng"
"person","Lê Cơ Ðài Bình","contact","số 369, xóm 8, thôn 4, xã Mỹ Đức, huyện An Lão, thành phố Hải Phòng","số 369, xóm 8","thôn 4, xã Mỹ Đức, huyện An Lão","Hải Phòng","180000","84","","Chủ shop","0939582194","lecoðaibinh@gmail.com","Anh","Admin UIT.IS336.L12.4","UIT.IS336.L12.4","Bảng giá niêm yết 1","331 Tài khoản phải trả thương mại","131 Khoản phải thu của khách hàng"
"person","Trần Kiều Bình","contact","số 659, xóm 1, thôn 5, xã Đại Xuyên, huyện Phú Xuyên, thành phố Hà Nội","số 659, xóm 1","thôn 5, xã Đại Xuyên, huyện Phú Xuyên","Hà Nội","100000","84","","Chủ shop","0878265798","trankieubinh@gmail.com","Anh","Admin UIT.IS336.L12.4","UIT.IS336.L12.4","Bảng giá niêm yết 1","331 Tài khoản phải trả thương mại","131 Khoản phải thu của khách hàng"
"person","Trần Sơn","contact","số 800, đường Tề Kỳ Vạn, phường Phú Đô, quận Nam Từ Liêm, thành phố Hà Nội","số 800, đường Tề Kỳ Vạn","phường Phú Đô, quận Nam Từ Liêm","Hà Nội","100000","84","","Chủ shop","0998572836","transon@gmail.com","Cô","Admin UIT.IS336.L12.4","UIT.IS336.L12.4","Bảng giá niêm yết 1","331 Tài khoản phải trả thương mại","131 Khoản phải thu của khách hàng"
"person","Dương Lạc","contact","số 554, đường Hồ My Bội, phường Phúc Lợi, quận Long Biên, thành phố Hà Nội","số 554, đường Hồ My Bội","phường Phúc Lợi, quận Long Biên","Hà Nội","100000","84","","Chủ shop","0995265289","duonglac@gmail.com","Cô","Admin UIT.IS336.L12.4","UIT.IS336.L12.4","Bảng giá niêm yết 1","331 Tài khoản phải trả thương mại","131 Khoản phải thu của khách hàng"
"person","Trần Cường Thành","contact","số 522, hẻm Ðoàn Ðắc, đường Nguyễn Phượng Minh, phường Yết Kiêu, quận Hà Đông, thành phố Hà Nội","số 522, hẻm Ðoàn Ðắc","đường Nguyễn Phượng Minh, phường Yết Kiêu, quận Hà Đông","Hà Nội","100000","84","","Chủ shop","0935529667","trancuongthanh@gmail.com","Anh","Admin UIT.IS336.L12.4","UIT.IS336.L12.4","Bảng giá niêm yết 1","331 Tài khoản phải trả thương mại","131 Khoản phải thu của khách hàng"
"person","Nguyễn Tuệ Lệ","contact","số 731, đường Nguyễn Lam Dạ, phường Thanh Lương, quận Hai Bà Trưng, thành phố Hà Nội","số 731, đường Nguyễn Lam Dạ","phường Thanh Lương, quận Hai Bà Trưng","Hà Nội","100000","84","","Chủ shop","0992388574","nguyentuele@gmail.com","Cô","Admin UIT.IS336.L12.4","UIT.IS336.L12.4","Bảng giá niêm yết 1","331 Tài khoản phải trả thương mại","131 Khoản phải thu của khách hàng"
"person","Trần Thống","contact","số 38, hẻm 75, đường Duy Hưng, phường Xuân Phương, quận Nam Từ Liêm, thành phố Hà Nội","số 38, hẻm 75","đường Duy Hưng, phường Xuân Phương, quận Nam Từ Liêm","Hà Nội","100000","84","","Chủ shop","0998157290","tranthong@gmail.com","Cô","Admin UIT.IS336.L12.4","UIT.IS336.L12.4","Bảng giá niêm yết 1","331 Tài khoản phải trả thương mại","131 Khoản phải thu của khách hàng"
"person","Lê Cao","contact","số 971, đường Nguyễn Thục Diệp, phường 1, quận Quận 11, thành phố Hồ Chí Minh","số 971, đường Nguyễn Thục Diệp","phường 1, quận Quận 11","Hồ Chí Minh","700000","84","","Chủ shop","0996915940","lecao@gmail.com","Anh","Admin UIT.IS336.L12.4","UIT.IS336.L12.4","Bảng giá niêm yết 1","331 Tài khoản phải trả thương mại","131 Khoản phải thu của khách hàng"
"person","Nguyễn Vịnh Đức Ban","contact","số 466, xóm 10, thôn Diễm Tài, xã Vĩnh Lộc B, huyện Bình Chánh, thành phố Hồ Chí Minh","số 466, xóm 10","thôn Diễm Tài, xã Vĩnh Lộc B, huyện Bình Chánh","Hồ Chí Minh","700000","84","","Chủ shop","0997667904","nguyenvinhducban@gmail.com","Anh","Admin UIT.IS336.L12.4","UIT.IS336.L12.4","Bảng giá niêm yết 1","331 Tài khoản phải trả thương mại","131 Khoản phải thu của khách hàng"
"person","Nguyễn Ngân","contact","số 230, đường Yên Ninh Ý, phường Trung Nhứt, quận Thốt Nốt, thành phố Cần Thơ","số 230, đường Yên Ninh Ý","phường Trung Nhứt, quận Thốt Nốt","Cần Thơ","900000","84","","Chủ shop","0880798689","nguyenngan@gmail.com","Anh","Admin UIT.IS336.L12.4","UIT.IS336.L12.4","Bảng giá niêm yết 1","331 Tài khoản phải trả thương mại","131 Khoản phải thu của khách hàng"
"person","Nguyễn Duệ San","contact","số 727, hẻm 71, đường Nam Diệp, phường Lạch Tray, quận Ngô Quyền, thành phố Hải Phòng","số 727, hẻm 71","đường Nam Diệp, phường Lạch Tray, quận Ngô Quyền","Hải Phòng","180000","84","","Chủ shop","0964694463","nguyenduesan@gmail.com","Anh","Admin UIT.IS336.L12.4","UIT.IS336.L12.4","Bảng giá niêm yết 1","331 Tài khoản phải trả thương mại","131 Khoản phải thu của khách hàng"
"person","Hoàng Cầm Thăng","contact","số 686, hẻm 11, đường Huỳnh Hoan Kim, phường Cát Bi, quận Hải An, thành phố Hải Phòng","số 686, hẻm 11","đường Huỳnh Hoan Kim, phường Cát Bi, quận Hải An","Hải Phòng","180000","84","","Chủ shop","0943935204","hoangcamthang@gmail.com","Anh","Admin UIT.IS336.L12.4","UIT.IS336.L12.4","Bảng giá niêm yết 1","331 Tài khoản phải trả thương mại","131 Khoản phải thu của khách hàng"
"person","Bùi Hạnh Đăng","contact","số 505, đường Trần Uy Vân, phường 8, quận Quận 8, thành phố Hồ Chí Minh","số 505, đường Trần Uy Vân","phường 8, quận Quận 8","Hồ Chí Minh","700000","84","","Chủ shop","0905387162","buihanhdang@gmail.com","Cô","Admin UIT.IS336.L12.4","UIT.IS336.L12.4","Bảng giá niêm yết 1","331 Tài khoản phải trả thương mại","131 Khoản phải thu của khách hàng"
"person","Trần Thắm Phong","contact","số 889, hẻm 79, đường Nguyễn Quyên Hảo, phường Trung Nhứt, quận Thốt Nốt, thành phố Cần Thơ","số 889, hẻm 79","đường Nguyễn Quyên Hảo, phường Trung Nhứt, quận Thốt Nốt","Cần Thơ","900000","84","","Chủ shop","0873259135","tranthamphong@gmail.com","Anh","Admin UIT.IS336.L12.4","UIT.IS336.L12.4","Bảng giá niêm yết 1","331 Tài khoản phải trả thương mại","131 Khoản phải thu của khách hàng"
"person","Nguyễn Trường Tấn Thường","contact","số 866, đường Nguyễn Sáng Vĩnh, phường Phúc Diễn, quận Bắc Từ Liêm, thành phố Hà Nội","số 866, đường Nguyễn Sáng Vĩnh","phường Phúc Diễn, quận Bắc Từ Liêm","Hà Nội","100000","84","","Chủ shop","0962232071","nguyentruongtanthuong@gmail.com","Anh","Admin UIT.IS336.L12.4","UIT.IS336.L12.4","Bảng giá niêm yết 1","331 Tài khoản phải trả thương mại","131 Khoản phải thu của khách hàng"
"person","Nguyễn Công Hãn Quế","contact","số 596, đường Di Cát, phường Hòa Thọ Tây, quận Cẩm Lệ, thành phố Đà Nẵng","số 596, đường Di Cát","phường Hòa Thọ Tây, quận Cẩm Lệ","Đà Nẵng","550000","84","","Chủ shop","0946542527","nguyenconghanque@gmail.com","Anh","Admin UIT.IS336.L12.4","UIT.IS336.L12.4","Bảng giá niêm yết 1","331 Tài khoản phải trả thương mại","131 Khoản phải thu của khách hàng"
"person","Trần Hồng Vân","contact","số 441, đường Nguyễn Nghị Xuân, phường Bình Trưng Tây, quận Quận 2, thành phố Hồ Chí Minh","số 441, đường Nguyễn Nghị Xuân","phường Bình Trưng Tây, quận Quận 2","Hồ Chí Minh","700000","84","","Chủ shop","0881318822","tranhongvan@gmail.com","Anh","Admin UIT.IS336.L12.4","UIT.IS336.L12.4","Bảng giá niêm yết 1","331 Tài khoản phải trả thương mại","131 Khoản phải thu của khách hàng"
"person","Hoàng Ngân","contact","số 476, xóm 6, thôn 10, xã Nhị Bình, huyện Hóc Môn, thành phố Hồ Chí Minh","số 476, xóm 6","thôn 10, xã Nhị Bình, huyện Hóc Môn","Hồ Chí Minh","700000","84","","Chủ shop","0986533845","hoangngan@gmail.com","Cô","Admin UIT.IS336.L12.4","UIT.IS336.L12.4","Bảng giá niêm yết 1","331 Tài khoản phải trả thương mại","131 Khoản phải thu của khách hàng"
"person","Hoàng Hạ Ðan","contact","số 355, hẻm 77, đường Lỗ Ngôn Như, phường 15, quận Phú Nhuận, thành phố Hồ Chí Minh","số 355, hẻm 77","đường Lỗ Ngôn Như, phường 15, quận Phú Nhuận","Hồ Chí Minh","700000","84","","Chủ shop","0956462649","hoanghaðan@gmail.com","Anh","Admin UIT.IS336.L12.4","UIT.IS336.L12.4","Bảng giá niêm yết 1","331 Tài khoản phải trả thương mại","131 Khoản phải thu của khách hàng"
"person","Phan Hạ Hào Thuận","contact","số 789, đường Nguyễn Bạch Kỳ, phường 11, quận Phú Nhuận, thành phố Hồ Chí Minh","số 789, đường Nguyễn Bạch Kỳ","phường 11, quận Phú Nhuận","Hồ Chí Minh","700000","84","","Chủ shop","0997845628","phanhahaothuan@gmail.com","Anh","Admin UIT.IS336.L12.4","UIT.IS336.L12.4","Bảng giá niêm yết 1","331 Tài khoản phải trả thương mại","131 Khoản phải thu của khách hàng"
"person","Nguyễn Hoa","contact","số 61, đường Toàn Văn, phường 28, quận Bình Thạnh, thành phố Hồ Chí Minh","số 61, đường Toàn Văn","phường 28, quận Bình Thạnh","Hồ Chí Minh","700000","84","","Chủ shop","0983409315","nguyenhoa@gmail.com","Cô","Admin UIT.IS336.L12.4","UIT.IS336.L12.4","Bảng giá niêm yết 1","331 Tài khoản phải trả thương mại","131 Khoản phải thu của khách hàng"
"person","Lê Phượng Quảng","contact","số 799, xóm 7, thôn 4, xã Đặng Cương, huyện An Dương, thành phố Hải Phòng","số 799, xóm 7","thôn 4, xã Đặng Cương, huyện An Dương","Hải Phòng","180000","84","","Chủ shop","0943520925","lephuongquang@gmail.com","Cô","Admin UIT.IS336.L12.4","UIT.IS336.L12.4","Bảng giá niêm yết 1","331 Tài khoản phải trả thương mại","131 Khoản phải thu của khách hàng"
"person","Cảnh Nghị Gia Cao","contact","số 616, xóm 4, thôn 1, xã Tiên Dược, huyện Sóc Sơn, thành phố Hà Nội","số 616, xóm 4","thôn 1, xã Tiên Dược, huyện Sóc Sơn","Hà Nội","100000","84","","Chủ shop","0886123416","canhnghigiacao@gmail.com","Cô","Admin UIT.IS336.L12.4","UIT.IS336.L12.4","Bảng giá niêm yết 1","331 Tài khoản phải trả thương mại","131 Khoản phải thu của khách hàng"
"person","Đặng Hãn Yến","contact","số 598, đường Ngô Tấn Hải, phường 9, quận Phú Nhuận, thành phố Hồ Chí Minh","số 598, đường Ngô Tấn Hải","phường 9, quận Phú Nhuận","Hồ Chí Minh","700000","84","","Chủ shop","0998213876","danghanyen@gmail.com","Cô","Admin UIT.IS336.L12.4","UIT.IS336.L12.4","Bảng giá niêm yết 1","331 Tài khoản phải trả thương mại","131 Khoản phải thu của khách hàng"
"person","Đặng Long Trúc","contact","số 877, hẻm 12, đường Đỗ Hạ Công, phường Phúc Xá, quận Ba Đình, thành phố Hà Nội","số 877, hẻm 12","đường Đỗ Hạ Công, phường Phúc Xá, quận Ba Đình","Hà Nội","100000","84","","Chủ shop","0961540185","danglongtruc@gmail.com","Cô","Admin UIT.IS336.L12.4","UIT.IS336.L12.4","Bảng giá niêm yết 1","331 Tài khoản phải trả thương mại","131 Khoản phải thu của khách hàng"
"person","Trần Quyền Khôi Giáng","contact","số 886, đường Khoa Chính, phường Kiến Hưng, quận Hà Đông, thành phố Hà Nội","số 886, đường Khoa Chính","phường Kiến Hưng, quận Hà Đông","Hà Nội","100000","84","","Chủ shop","0921795183","tranquyenkhoigiang@gmail.com","Anh","Admin UIT.IS336.L12.4","UIT.IS336.L12.4","Bảng giá niêm yết 1","331 Tài khoản phải trả thương mại","131 Khoản phải thu của khách hàng"
"person","Huỳnh Lệ Hiển Nhân","contact","số 977, hẻm 50, đường Nguyễn My Tạ, thị trấn Tiên Lãng, huyện Tiên Lãng, thành phố Hải Phòng","số 977, hẻm 50","đường Nguyễn My Tạ, thị trấn Tiên Lãng, huyện Tiên Lãng","Hải Phòng","180000","84","","Chủ shop","0900834250","huynhlehiennhan@gmail.com","Anh","Admin UIT.IS336.L12.4","UIT.IS336.L12.4","Bảng giá niêm yết 1","331 Tài khoản phải trả thương mại","131 Khoản phải thu của khách hàng"
"person","Võ Ðông Quảng","contact","số 717, hẻm 31, đường Mạch Luận Lạc, phường Quỳnh Mai, quận Hai Bà Trưng, thành phố Hà Nội","số 717, hẻm 31","đường Mạch Luận Lạc, phường Quỳnh Mai, quận Hai Bà Trưng","Hà Nội","100000","84","","Chủ shop","0866759876","voðongquang@gmail.com","Cô","Admin UIT.IS336.L12.4","UIT.IS336.L12.4","Bảng giá niêm yết 1","331 Tài khoản phải trả thương mại","131 Khoản phải thu của khách hàng"
"person","Nguyễn Long Nhất","contact","số 893, hẻm 54, đường Giao Phúc, phường Hòa Hải, quận Ngũ Hành Sơn, thành phố Đà Nẵng","số 893, hẻm 54","đường Giao Phúc, phường Hòa Hải, quận Ngũ Hành Sơn","Đà Nẵng","550000","84","","Chủ shop","0873775617","nguyenlongnhat@gmail.com","Anh","Admin UIT.IS336.L12.4","UIT.IS336.L12.4","Bảng giá niêm yết 1","331 Tài khoản phải trả thương mại","131 Khoản phải thu của khách hàng"
"person","Trần Tuấn","contact","số 757, đường Ninh Ðạt, phường Nguyễn Du, quận Hai Bà Trưng, thành phố Hà Nội","số 757, đường Ninh Ðạt","phường Nguyễn Du, quận Hai Bà Trưng","Hà Nội","100000","84","","Chủ shop","0899182159","trantuan@gmail.com","Anh","Admin UIT.IS336.L12.4","UIT.IS336.L12.4","Bảng giá niêm yết 1","331 Tài khoản phải trả thương mại","131 Khoản phải thu của khách hàng"
"person","Phạm Diễm Tiến","contact","số 574, xóm 8, thôn 8, xã La Phù, huyện Hoài Đức, thành phố Hà Nội","số 574, xóm 8","thôn 8, xã La Phù, huyện Hoài Đức","Hà Nội","100000","84","","Chủ shop","0878431168","phamdiemtien@gmail.com","Cô","Admin UIT.IS336.L12.4","UIT.IS336.L12.4","Bảng giá niêm yết 1","331 Tài khoản phải trả thương mại","131 Khoản phải thu của khách hàng"
"person","Nguyễn Hùng Chuyên Thục","contact","số 402, đường Võ Hằng Danh, phường 8, quận Quận 8, thành phố Hồ Chí Minh","số 402, đường Võ Hằng Danh","phường 8, quận Quận 8","Hồ Chí Minh","700000","84","","Chủ shop","0960939661","nguyenhungchuyenthuc@gmail.com","Cô","Admin UIT.IS336.L12.4","UIT.IS336.L12.4","Bảng giá niêm yết 1","331 Tài khoản phải trả thương mại","131 Khoản phải thu của khách hàng"
"person","Trần Lai Trường","contact","số 253, hẻm 7, đường Lê Khai Vũ, phường Hải Châu I, quận Hải Châu, thành phố Đà Nẵng","số 253, hẻm 7","đường Lê Khai Vũ, phường Hải Châu I, quận Hải Châu","Đà Nẵng","550000","84","","Chủ shop","0943391668","tranlaitruong@gmail.com","Cô","Admin UIT.IS336.L12.4","UIT.IS336.L12.4","Bảng giá niêm yết 1","331 Tài khoản phải trả thương mại","131 Khoản phải thu của khách hàng"
"person","Vũ Mẫn Trí Chi","contact","số 948, đường Bùi Hoa Kiên, phường Đông Hưng Thuận, quận Quận 12, thành phố Hồ Chí Minh","số 948, đường Bùi Hoa Kiên","phường Đông Hưng Thuận, quận Quận 12","Hồ Chí Minh","700000","84","","Chủ shop","0966833896","vumantrichi@gmail.com","Anh","Admin UIT.IS336.L12.4","UIT.IS336.L12.4","Bảng giá niêm yết 1","331 Tài khoản phải trả thương mại","131 Khoản phải thu của khách hàng"
"person","Nguyễn Tuyết Trang Hồ","contact","số 554, xóm 9, thôn 2, xã Nhị Bình, huyện Hóc Môn, thành phố Hồ Chí Minh","số 554, xóm 9","thôn 2, xã Nhị Bình, huyện Hóc Môn","Hồ Chí Minh","700000","84","","Chủ shop","0964505748","nguyentuyettrangho@gmail.com","Anh","Admin UIT.IS336.L12.4","UIT.IS336.L12.4","Bảng giá niêm yết 1","331 Tài khoản phải trả thương mại","131 Khoản phải thu của khách hàng"
"person","Nguyễn Trâm Công","contact","số 18, đường Minh Ðăng, phường 5, quận Bình Thạnh, thành phố Hồ Chí Minh","số 18, đường Minh Ðăng","phường 5, quận Bình Thạnh","Hồ Chí Minh","700000","84","","Chủ shop","0934973026","nguyentramcong@gmail.com","Anh","Admin UIT.IS336.L12.4","UIT.IS336.L12.4","Bảng giá niêm yết 1","331 Tài khoản phải trả thương mại","131 Khoản phải thu của khách hàng"
"person","Nguyễn Sinh Phương","contact","số 32, đường Uyên Thiệu, phường 8, quận Quận 5, thành phố Hồ Chí Minh","số 32, đường Uyên Thiệu","phường 8, quận Quận 5","Hồ Chí Minh","700000","84","","Chủ shop","0927765275","nguyensinhphuong@gmail.com","Anh","Admin UIT.IS336.L12.4","UIT.IS336.L12.4","Bảng giá niêm yết 1","331 Tài khoản phải trả thương mại","131 Khoản phải thu của khách hàng"
"person","Phan Ðạo Ðài","contact","số 58, đường Hoàng Liêm Khả, phường 15, quận Quận 11, thành phố Hồ Chí Minh","số 58, đường Hoàng Liêm Khả","phường 15, quận Quận 11","Hồ Chí Minh","700000","84","","Chủ shop","0904467148","phanðaoðai@gmail.com","Cô","Admin UIT.IS336.L12.4","UIT.IS336.L12.4","Bảng giá niêm yết 1","331 Tài khoản phải trả thương mại","131 Khoản phải thu của khách hàng"
"person","Nguyễn Vĩ Loan","contact","số 179, xóm 3, thôn 10, xã Tiền Phong, huyện Mê Linh, thành phố Hà Nội","số 179, xóm 3","thôn 10, xã Tiền Phong, huyện Mê Linh","Hà Nội","100000","84","","Chủ shop","0862883546","nguyenviloan@gmail.com","Anh","Admin UIT.IS336.L12.4","UIT.IS336.L12.4","Bảng giá niêm yết 1","331 Tài khoản phải trả thương mại","131 Khoản phải thu của khách hàng"
"person","Nguyễn Nhất","contact","số 650, xóm Thành Thư, thôn Hoan Tất, xã Tân Thạnh Tây, huyện Củ Chi, thành phố Hồ Chí Minh","số 650, xóm Thành Thư","thôn Hoan Tất, xã Tân Thạnh Tây, huyện Củ Chi","Hồ Chí Minh","700000","84","","Chủ shop","0941596575","nguyennhat@gmail.com","Anh","Admin UIT.IS336.L12.4","UIT.IS336.L12.4","Bảng giá niêm yết 1","331 Tài khoản phải trả thương mại","131 Khoản phải thu của khách hàng"
"person","Trần Thương Ðăng","contact","số 865, xóm Uyển Hải, thôn 8, xã Xuân Thới Đông, huyện Hóc Môn, thành phố Hồ Chí Minh","số 865, xóm Uyển Hải","thôn 8, xã Xuân Thới Đông, huyện Hóc Môn","Hồ Chí Minh","700000","84","","Chủ shop","0930290878","tranthuongðang@gmail.com","Cô","Admin UIT.IS336.L12.4","UIT.IS336.L12.4","Bảng giá niêm yết 1","331 Tài khoản phải trả thương mại","131 Khoản phải thu của khách hàng"
"person","Nguyễn Hà Xuân","contact","số 669, hẻm 28, đường Vũ Trà Hùng, phường Cửa Nam, quận Hoàn Kiếm, thành phố Hà Nội","số 669, hẻm 28","đường Vũ Trà Hùng, phường Cửa Nam, quận Hoàn Kiếm","Hà Nội","100000","84","","Chủ shop","0998392434","nguyenhaxuan@gmail.com","Anh","Admin UIT.IS336.L12.4","UIT.IS336.L12.4","Bảng giá niêm yết 1","331 Tài khoản phải trả thương mại","131 Khoản phải thu của khách hàng"
"person","Nguyễn Phú Lam Khánh","contact","số 11, đường Duy Lưu, phường Nghĩa Đô, quận Cầu Giấy, thành phố Hà Nội","số 11, đường Duy Lưu","phường Nghĩa Đô, quận Cầu Giấy","Hà Nội","100000","84","","Chủ shop","0892228369","nguyenphulamkhanh@gmail.com","Anh","Admin UIT.IS336.L12.4","UIT.IS336.L12.4","Bảng giá niêm yết 1","331 Tài khoản phải trả thương mại","131 Khoản phải thu của khách hàng"
"person","Tạ Ái Bách","contact","số 944, đường Khánh Quỳnh, phường Bình Trị Đông A, quận Bình Tân, thành phố Hồ Chí Minh","số 944, đường Khánh Quỳnh","phường Bình Trị Đông A, quận Bình Tân","Hồ Chí Minh","700000","84","","Chủ shop","0932587414","taaibach@gmail.com","Cô","Admin UIT.IS336.L12.4","UIT.IS336.L12.4","Bảng giá niêm yết 1","331 Tài khoản phải trả thương mại","131 Khoản phải thu của khách hàng"
"person","Nguyễn Hà","contact","số 37, xóm 9, thôn 1, xã Thanh Cao, huyện Thanh Oai, thành phố Hà Nội","số 37, xóm 9","thôn 1, xã Thanh Cao, huyện Thanh Oai","Hà Nội","100000","84","","Chủ shop","0982575141","nguyenha@gmail.com","Cô","Admin UIT.IS336.L12.4","UIT.IS336.L12.4","Bảng giá niêm yết 1","331 Tài khoản phải trả thương mại","131 Khoản phải thu của khách hàng"
"person","Huỳnh Canh Công","contact","số 294, xóm 2, thôn Mẫn Kiên, xã Tân Xuân, huyện Hóc Môn, thành phố Hồ Chí Minh","số 294, xóm 2","thôn Mẫn Kiên, xã Tân Xuân, huyện Hóc Môn","Hồ Chí Minh","700000","84","","Chủ shop","0890323194","huynhcanhcong@gmail.com","Anh","Admin UIT.IS336.L12.4","UIT.IS336.L12.4","Bảng giá niêm yết 1","331 Tài khoản phải trả thương mại","131 Khoản phải thu của khách hàng"
"person","Nguyễn Lan Lâm Thắng","contact","số 74, xóm 1, thôn Khánh Tuấn, xã Nam Triều, huyện Phú Xuyên, thành phố Hà Nội","số 74, xóm 1","thôn Khánh Tuấn, xã Nam Triều, huyện Phú Xuyên","Hà Nội","100000","84","","Chủ shop","0942968986","nguyenlanlamthang@gmail.com","Anh","Admin UIT.IS336.L12.4","UIT.IS336.L12.4","Bảng giá niêm yết 1","331 Tài khoản phải trả thương mại","131 Khoản phải thu của khách hàng"
"person","An Quý Duyên","contact","số 637, hẻm 85, đường Hân Phượng, phường Hòa Thạnh, quận Tân Phú, thành phố Hồ Chí Minh","số 637, hẻm 85","đường Hân Phượng, phường Hòa Thạnh, quận Tân Phú","Hồ Chí Minh","700000","84","","Chủ shop","0993314002","anquyduyen@gmail.com","Anh","Admin UIT.IS336.L12.4","UIT.IS336.L12.4","Bảng giá niêm yết 1","331 Tài khoản phải trả thương mại","131 Khoản phải thu của khách hàng"
"person","Ngô Quyết","contact","số 359, hẻm 40, đường Lan Thắng, phường Thạch Bàn, quận Long Biên, thành phố Hà Nội","số 359, hẻm 40","đường Lan Thắng, phường Thạch Bàn, quận Long Biên","Hà Nội","100000","84","","Chủ shop","0932738980","ngoquyet@gmail.com","Cô","Admin UIT.IS336.L12.4","UIT.IS336.L12.4","Bảng giá niêm yết 1","331 Tài khoản phải trả thương mại","131 Khoản phải thu của khách hàng"
"person","Nguyễn Ðạo Vịnh Bạch","contact","số 302, hẻm Hằng Nhật, đường Nguyễn Ðoàn Ngọc, phường Phúc Xá, quận Ba Đình, thành phố Hà Nội","số 302, hẻm Hằng Nhật","đường Nguyễn Ðoàn Ngọc, phường Phúc Xá, quận Ba Đình","Hà Nội","100000","84","","Chủ shop","0917389936","nguyenðaovinhbach@gmail.com","Cô","Admin UIT.IS336.L12.4","UIT.IS336.L12.4","Bảng giá niêm yết 1","331 Tài khoản phải trả thương mại","131 Khoản phải thu của khách hàng"
"person","Vũ Phượng Thiện","contact","số 334, xóm Mẫn Ðình, thôn 9, xã Phước Kiển, huyện Nhà Bè, thành phố Hồ Chí Minh","số 334, xóm Mẫn Ðình","thôn 9, xã Phước Kiển, huyện Nhà Bè","Hồ Chí Minh","700000","84","","Chủ shop","0886990283","vuphuongthien@gmail.com","Anh","Admin UIT.IS336.L12.4","UIT.IS336.L12.4","Bảng giá niêm yết 1","331 Tài khoản phải trả thương mại","131 Khoản phải thu của khách hàng"
"person","Huỳnh Dụng Quốc","contact","số 843, đường Khuê Thiếu, thị trấn Phùng, huyện Đan Phượng, thành phố Hà Nội","số 843, đường Khuê Thiếu","thị trấn Phùng, huyện Đan Phượng","Hà Nội","100000","84","","Chủ shop","0942545031","huynhdungquoc@gmail.com","Anh","Admin UIT.IS336.L12.4","UIT.IS336.L12.4","Bảng giá niêm yết 1","331 Tài khoản phải trả thương mại","131 Khoản phải thu của khách hàng"
"person","Vũ Ân Tạ","contact","số 2, xóm Phương Ban, thôn 4, xã Kim Sơn, huyện Gia Lâm, thành phố Hà Nội","số 2, xóm Phương Ban","thôn 4, xã Kim Sơn, huyện Gia Lâm","Hà Nội","100000","84","","Chủ shop","0938418050","vuanta@gmail.com","Anh","Admin UIT.IS336.L12.4","UIT.IS336.L12.4","Bảng giá niêm yết 1","331 Tài khoản phải trả thương mại","131 Khoản phải thu của khách hàng"
"person","Nguyễn Trương Trung Hạnh","contact","số 248, đường Lê Hiếu Thống, phường Liên Mạc, quận Bắc Từ Liêm, thành phố Hà Nội","số 248, đường Lê Hiếu Thống","phường Liên Mạc, quận Bắc Từ Liêm","Hà Nội","100000","84","","Chủ shop","0952162240","nguyentruongtrunghanh@gmail.com","Cô","Admin UIT.IS336.L12.4","UIT.IS336.L12.4","Bảng giá niêm yết 1","331 Tài khoản phải trả thương mại","131 Khoản phải thu của khách hàng"
"person","Huỳnh Oanh Trâm","contact","số 800, xóm Thảo Xuân, thôn 4, xã Nhuận Đức, huyện Củ Chi, thành phố Hồ Chí Minh","số 800, xóm Thảo Xuân","thôn 4, xã Nhuận Đức, huyện Củ Chi","Hồ Chí Minh","700000","84","","Chủ shop","0902036329","huynhoanhtram@gmail.com","Cô","Admin UIT.IS336.L12.4","UIT.IS336.L12.4","Bảng giá niêm yết 1","331 Tài khoản phải trả thương mại","131 Khoản phải thu của khách hàng"
"person","Trần Linh","contact","số 255, xóm 3, thôn 3, xã Lê Lợi, huyện An Dương, thành phố Hải Phòng","số 255, xóm 3","thôn 3, xã Lê Lợi, huyện An Dương","Hải Phòng","180000","84","","Chủ shop","0887571091","tranlinh@gmail.com","Cô","Admin UIT.IS336.L12.4","UIT.IS336.L12.4","Bảng giá niêm yết 1","331 Tài khoản phải trả thương mại","131 Khoản phải thu của khách hàng"
"person","Đầu Dũng","contact","số 4, xóm 4, thôn 2, xã Trung Giã, huyện Sóc Sơn, thành phố Hà Nội","số 4, xóm 4","thôn 2, xã Trung Giã, huyện Sóc Sơn","Hà Nội","100000","84","","Chủ shop","0996572312","daudung@gmail.com","Cô","Admin UIT.IS336.L12.4","UIT.IS336.L12.4","Bảng giá niêm yết 1","331 Tài khoản phải trả thương mại","131 Khoản phải thu của khách hàng"
"person","Nguyễn Thiện","contact","số 214, hẻm Quảng Ban, đường Thiên Khánh, phường Vĩnh Trung, quận Thanh Khê, thành phố Đà Nẵng","số 214, hẻm Quảng Ban","đường Thiên Khánh, phường Vĩnh Trung, quận Thanh Khê","Đà Nẵng","550000","84","","Chủ shop","0880150240","nguyenthien@gmail.com","Anh","Admin UIT.IS336.L12.4","UIT.IS336.L12.4","Bảng giá niêm yết 1","331 Tài khoản phải trả thương mại","131 Khoản phải thu của khách hàng"
"person","Phạm Ban","contact","số 957, xóm 10, thôn 9, xã Hiệp Phước, huyện Nhà Bè, thành phố Hồ Chí Minh","số 957, xóm 10","thôn 9, xã Hiệp Phước, huyện Nhà Bè","Hồ Chí Minh","700000","84","","Chủ shop","0880241451","phamban@gmail.com","Cô","Admin UIT.IS336.L12.4","UIT.IS336.L12.4","Bảng giá niêm yết 1","331 Tài khoản phải trả thương mại","131 Khoản phải thu của khách hàng"
"person","Nguyễn San Ðông","contact","số 327, hẻm 43, đường Trần Ðoan Hoài, phường 12, quận Quận 4, thành phố Hồ Chí Minh","số 327, hẻm 43","đường Trần Ðoan Hoài, phường 12, quận Quận 4","Hồ Chí Minh","700000","84","","Chủ shop","0947561548","nguyensanðong@gmail.com","Anh","Admin UIT.IS336.L12.4","UIT.IS336.L12.4","Bảng giá niêm yết 1","331 Tài khoản phải trả thương mại","131 Khoản phải thu của khách hàng"
"person","Trần Sinh Ðình Thanh","contact","số 911, đường Nữ Vinh, phường Mai Động, quận Hoàng Mai, thành phố Hà Nội","số 911, đường Nữ Vinh","phường Mai Động, quận Hoàng Mai","Hà Nội","100000","84","","Chủ shop","0886743205","transinhðinhthanh@gmail.com","Cô","Admin UIT.IS336.L12.4","UIT.IS336.L12.4","Bảng giá niêm yết 1","331 Tài khoản phải trả thương mại","131 Khoản phải thu của khách hàng"
"person","Nguyễn Tùng","contact","số 773, đường Hoàng Lam Việt, phường Phúc Diễn, quận Bắc Từ Liêm, thành phố Hà Nội","số 773, đường Hoàng Lam Việt","phường Phúc Diễn, quận Bắc Từ Liêm","Hà Nội","100000","84","","Chủ shop","0923655165","nguyentung@gmail.com","Anh","Admin UIT.IS336.L12.4","UIT.IS336.L12.4","Bảng giá niêm yết 1","331 Tài khoản phải trả thương mại","131 Khoản phải thu của khách hàng"
"person","Hoàng Hợp Phượng Ngọc","contact","số 665, xóm Hường Thế, thôn 6, xã Thạnh Quới, huyện Vĩnh Thạnh, thành phố Cần Thơ","số 665, xóm Hường Thế","thôn 6, xã Thạnh Quới, huyện Vĩnh Thạnh","Cần Thơ","900000","84","","Chủ shop","0880632932","hoanghopphuongngoc@gmail.com","Anh","Admin UIT.IS336.L12.4","UIT.IS336.L12.4","Bảng giá niêm yết 1","331 Tài khoản phải trả thương mại","131 Khoản phải thu của khách hàng"
"person","Tạ Quế Nguyệt","contact","số 481, xóm 9, thôn 4, xã Vân Hà, huyện Phúc Thọ, thành phố Hà Nội","số 481, xóm 9","thôn 4, xã Vân Hà, huyện Phúc Thọ","Hà Nội","100000","84","","Chủ shop","0998545959","taquenguyet@gmail.com","Cô","Admin UIT.IS336.L12.4","UIT.IS336.L12.4","Bảng giá niêm yết 1","331 Tài khoản phải trả thương mại","131 Khoản phải thu của khách hàng"
"person","Đới Chấn","contact","số 472, xóm 5, thôn 10, xã Phong Phú, huyện Bình Chánh, thành phố Hồ Chí Minh","số 472, xóm 5","thôn 10, xã Phong Phú, huyện Bình Chánh","Hồ Chí Minh","700000","84","","Chủ shop","0998282290","doichan@gmail.com","Cô","Admin UIT.IS336.L12.4","UIT.IS336.L12.4","Bảng giá niêm yết 1","331 Tài khoản phải trả thương mại","131 Khoản phải thu của khách hàng"
"person","Đặng Hạnh Nhàn Lan","contact","số 346, đường Nguyễn Thái Thy, phường Thanh Khê Đông, quận Thanh Khê, thành phố Đà Nẵng","số 346, đường Nguyễn Thái Thy","phường Thanh Khê Đông, quận Thanh Khê","Đà Nẵng","550000","84","","Chủ shop","0882533332","danghanhnhanlan@gmail.com","Cô","Admin UIT.IS336.L12.4","UIT.IS336.L12.4","Bảng giá niêm yết 1","331 Tài khoản phải trả thương mại","131 Khoản phải thu của khách hàng"
"person","Phạm Sa Thuận","contact","số 334, đường Nguyễn Khuyên Trúc, phường Bình An, quận Quận 2, thành phố Hồ Chí Minh","số 334, đường Nguyễn Khuyên Trúc","phường Bình An, quận Quận 2","Hồ Chí Minh","700000","84","","Chủ shop","0887023213","phamsathuan@gmail.com","Cô","Admin UIT.IS336.L12.4","UIT.IS336.L12.4","Bảng giá niêm yết 1","331 Tài khoản phải trả thương mại","131 Khoản phải thu của khách hàng"
"person","Giao Hữu","contact","số 787, xóm 8, thôn Vinh Gia, xã Tân Phú, huyện Quốc Oai, thành phố Hà Nội","số 787, xóm 8","thôn Vinh Gia, xã Tân Phú, huyện Quốc Oai","Hà Nội","100000","84","","Chủ shop","0992475783","giaohuu@gmail.com","Anh","Admin UIT.IS336.L12.4","UIT.IS336.L12.4","Bảng giá niêm yết 1","331 Tài khoản phải trả thương mại","131 Khoản phải thu của khách hàng"
"person","Trần Liên","contact","số 699, hẻm 3, đường Hoàng Lâm Thi, thị trấn Hóc Môn, huyện Hóc Môn, thành phố Hồ Chí Minh","số 699, hẻm 3","đường Hoàng Lâm Thi, thị trấn Hóc Môn, huyện Hóc Môn","Hồ Chí Minh","700000","84","","Chủ shop","0897696025","tranlien@gmail.com","Anh","Admin UIT.IS336.L12.4","UIT.IS336.L12.4","Bảng giá niêm yết 1","331 Tài khoản phải trả thương mại","131 Khoản phải thu của khách hàng"
"person","Võ Kỳ Lam","contact","số 701, xóm 3, thôn 4, xã Trung Lập Hạ, huyện Củ Chi, thành phố Hồ Chí Minh","số 701, xóm 3","thôn 4, xã Trung Lập Hạ, huyện Củ Chi","Hồ Chí Minh","700000","84","","Chủ shop","0939487925","vokylam@gmail.com","Cô","Admin UIT.IS336.L12.4","UIT.IS336.L12.4","Bảng giá niêm yết 1","331 Tài khoản phải trả thương mại","131 Khoản phải thu của khách hàng"
"person","Nguyễn Bảo Thư","contact","số 471, đường Màu Nương Trí, phường Quang Trung, quận Hà Đông, thành phố Hà Nội","số 471, đường Màu Nương Trí","phường Quang Trung, quận Hà Đông","Hà Nội","100000","84","","Chủ shop","0861608650","nguyenbaothu@gmail.com","Cô","Admin UIT.IS336.L12.4","UIT.IS336.L12.4","Bảng giá niêm yết 1","331 Tài khoản phải trả thương mại","131 Khoản phải thu của khách hàng"
"person","Nguyễn Hậu Tâm","contact","số 116, đường Bùi Ðan Vạn, phường Khương Trung, quận Thanh Xuân, thành phố Hà Nội","số 116, đường Bùi Ðan Vạn","phường Khương Trung, quận Thanh Xuân","Hà Nội","100000","84","","Chủ shop","0917050277","nguyenhautam@gmail.com","Anh","Admin UIT.IS336.L12.4","UIT.IS336.L12.4","Bảng giá niêm yết 1","331 Tài khoản phải trả thương mại","131 Khoản phải thu của khách hàng"
"person","Đặng Hoàng","contact","số 996, hẻm 40, đường Cương Thụ, phường 28, quận Bình Thạnh, thành phố Hồ Chí Minh","số 996, hẻm 40","đường Cương Thụ, phường 28, quận Bình Thạnh","Hồ Chí Minh","700000","84","","Chủ shop","0997599666","danghoang@gmail.com","Cô","Admin UIT.IS336.L12.4","UIT.IS336.L12.4","Bảng giá niêm yết 1","331 Tài khoản phải trả thương mại","131 Khoản phải thu của khách hàng"
"person","Sầm Phúc","contact","số 529, hẻm 38, đường Phan Cao Nhật, thị trấn Vĩnh Thạnh, huyện Vĩnh Thạnh, thành phố Cần Thơ","số 529, hẻm 38","đường Phan Cao Nhật, thị trấn Vĩnh Thạnh, huyện Vĩnh Thạnh","Cần Thơ","900000","84","","Chủ shop","0986917240","samphuc@gmail.com","Anh","Admin UIT.IS336.L12.4","UIT.IS336.L12.4","Bảng giá niêm yết 1","331 Tài khoản phải trả thương mại","131 Khoản phải thu của khách hàng"
"person","Nguyễn Lập","contact","số 744, xóm 9, thôn 1, xã Tân Kiên, huyện Bình Chánh, thành phố Hồ Chí Minh","số 744, xóm 9","thôn 1, xã Tân Kiên, huyện Bình Chánh","Hồ Chí Minh","700000","84","","Chủ shop","0948304947","nguyenlap@gmail.com","Cô","Admin UIT.IS336.L12.4","UIT.IS336.L12.4","Bảng giá niêm yết 1","331 Tài khoản phải trả thương mại","131 Khoản phải thu của khách hàng"
"person","Huỳnh Vi Chế","contact","số 772, đường Thắng Thuận, phường Ngọc Hà, quận Ba Đình, thành phố Hà Nội","số 772, đường Thắng Thuận","phường Ngọc Hà, quận Ba Đình","Hà Nội","100000","84","","Chủ shop","0937343402","huynhviche@gmail.com","Cô","Admin UIT.IS336.L12.4","UIT.IS336.L12.4","Bảng giá niêm yết 1","331 Tài khoản phải trả thương mại","131 Khoản phải thu của khách hàng"
"person","Trần Chinh Gia Hảo","contact","số 796, xóm 7, thôn Vinh Lam, xã Vĩnh An, huyện Vĩnh Bảo, thành phố Hải Phòng","số 796, xóm 7","thôn Vinh Lam, xã Vĩnh An, huyện Vĩnh Bảo","Hải Phòng","180000","84","","Chủ shop","0888625000","tranchinhgiahao@gmail.com","Cô","Admin UIT.IS336.L12.4","UIT.IS336.L12.4","Bảng giá niêm yết 1","331 Tài khoản phải trả thương mại","131 Khoản phải thu của khách hàng"
"person","Đỗ Trà Anh","contact","số 705, đường Sáng Thục, phường Mễ Trì, quận Nam Từ Liêm, thành phố Hà Nội","số 705, đường Sáng Thục","phường Mễ Trì, quận Nam Từ Liêm","Hà Nội","100000","84","","Chủ shop","0941456183","dotraanh@gmail.com","Anh","Admin UIT.IS336.L12.4","UIT.IS336.L12.4","Bảng giá niêm yết 1","331 Tài khoản phải trả thương mại","131 Khoản phải thu của khách hàng"
"person","Danh Linh Yến Đan","contact","số 961, xóm Vĩnh Bá, thôn 4, xã Quy Đức, huyện Bình Chánh, thành phố Hồ Chí Minh","số 961, xóm Vĩnh Bá","thôn 4, xã Quy Đức, huyện Bình Chánh","Hồ Chí Minh","700000","84","","Chủ shop","0981133016","danhlinhyendan@gmail.com","Cô","Admin UIT.IS336.L12.4","UIT.IS336.L12.4","Bảng giá niêm yết 1","331 Tài khoản phải trả thương mại","131 Khoản phải thu của khách hàng"
"person","Lê Liễu Trọng Uy","contact","số 439, xóm 5, thôn 3, xã Phước Kiển, huyện Nhà Bè, thành phố Hồ Chí Minh","số 439, xóm 5","thôn 3, xã Phước Kiển, huyện Nhà Bè","Hồ Chí Minh","700000","84","","Chủ shop","0990531946","lelieutronguy@gmail.com","Cô","Admin UIT.IS336.L12.4","UIT.IS336.L12.4","Bảng giá niêm yết 1","331 Tài khoản phải trả thương mại","131 Khoản phải thu của khách hàng"
"person","Lê Tú","contact","số 483, đường Lâm Hội Dương, phường Tân Quy, quận Quận 7, thành phố Hồ Chí Minh","số 483, đường Lâm Hội Dương","phường Tân Quy, quận Quận 7","Hồ Chí Minh","700000","84","","Chủ shop","0932975583","letu@gmail.com","Anh","Admin UIT.IS336.L12.4","UIT.IS336.L12.4","Bảng giá niêm yết 1","331 Tài khoản phải trả thương mại","131 Khoản phải thu của khách hàng"
"person","Phan Du Hồng Thùy","contact","số 966, xóm 1, thôn 1, xã Trung Lập Thượng, huyện Củ Chi, thành phố Hồ Chí Minh","số 966, xóm 1","thôn 1, xã Trung Lập Thượng, huyện Củ Chi","Hồ Chí Minh","700000","84","","Chủ shop","0915510034","phanduhongthuy@gmail.com","Anh","Admin UIT.IS336.L12.4","UIT.IS336.L12.4","Bảng giá niêm yết 1","331 Tài khoản phải trả thương mại","131 Khoản phải thu của khách hàng"
"person","Võ Mỹ","contact","số 434, đường Huỳnh Hậu Thụy, phường Hưng Phú, quận Cái Răng, thành phố Cần Thơ","số 434, đường Huỳnh Hậu Thụy","phường Hưng Phú, quận Cái Răng","Cần Thơ","900000","84","","Chủ shop","0991436467","vomy@gmail.com","Anh","Admin UIT.IS336.L12.4","UIT.IS336.L12.4","Bảng giá niêm yết 1","331 Tài khoản phải trả thương mại","131 Khoản phải thu của khách hàng"
"person","Trần Ðình Sơn","contact","số 648, xóm Ngôn Triều, thôn 1, xã Kiền Bái, huyện Thủy Nguyên, thành phố Hải Phòng","số 648, xóm Ngôn Triều","thôn 1, xã Kiền Bái, huyện Thủy Nguyên","Hải Phòng","180000","84","","Chủ shop","0884571367","tranðinhson@gmail.com","Cô","Admin UIT.IS336.L12.4","UIT.IS336.L12.4","Bảng giá niêm yết 1","331 Tài khoản phải trả thương mại","131 Khoản phải thu của khách hàng"
"person","Nguyễn Hương","contact","số 264, đường Nguyễn Ðiệp Phong, thị trấn Thường Tín, huyện Thường Tín, thành phố Hà Nội","số 264, đường Nguyễn Ðiệp Phong","thị trấn Thường Tín, huyện Thường Tín","Hà Nội","100000","84","","Chủ shop","0880367365","nguyenhuong@gmail.com","Anh","Admin UIT.IS336.L12.4","UIT.IS336.L12.4","Bảng giá niêm yết 1","331 Tài khoản phải trả thương mại","131 Khoản phải thu của khách hàng"
"person","Nguyễn Kiết","contact","số 204, hẻm 46, đường Nguyễn Ðịnh Bá, phường Cổ Nhuế 2, quận Bắc Từ Liêm, thành phố Hà Nội","số 204, hẻm 46","đường Nguyễn Ðịnh Bá, phường Cổ Nhuế 2, quận Bắc Từ Liêm","Hà Nội","100000","84","","Chủ shop","0902103567","nguyenkiet@gmail.com","Cô","Admin UIT.IS336.L12.4","UIT.IS336.L12.4","Bảng giá niêm yết 1","331 Tài khoản phải trả thương mại","131 Khoản phải thu của khách hàng"
"person","Trần Ðường Hằng Khuê","contact","số 845, xóm Cần Long, thôn Loan Trọng, xã Chuyên Mỹ, huyện Phú Xuyên, thành phố Hà Nội","số 845, xóm Cần Long","thôn Loan Trọng, xã Chuyên Mỹ, huyện Phú Xuyên","Hà Nội","100000","84","","Chủ shop","0943687445","tranðuonghangkhue@gmail.com","Cô","Admin UIT.IS336.L12.4","UIT.IS336.L12.4","Bảng giá niêm yết 1","331 Tài khoản phải trả thương mại","131 Khoản phải thu của khách hàng"
"person","Hoàng Long Kỳ","contact","số 876, xóm 10, thôn 3, xã Hồng Minh, huyện Phú Xuyên, thành phố Hà Nội","số 876, xóm 10","thôn 3, xã Hồng Minh, huyện Phú Xuyên","Hà Nội","100000","84","","Chủ shop","0901535946","hoanglongky@gmail.com","Cô","Admin UIT.IS336.L12.4","UIT.IS336.L12.4","Bảng giá niêm yết 1","331 Tài khoản phải trả thương mại","131 Khoản phải thu của khách hàng"
"person","Nguyễn Ý Hường Trân","contact","số 541, xóm 10, thôn 5, xã Thượng Mỗ, huyện Đan Phượng, thành phố Hà Nội","số 541, xóm 10","thôn 5, xã Thượng Mỗ, huyện Đan Phượng","Hà Nội","100000","84","","Chủ shop","0933741220","nguyenyhuongtran@gmail.com","Cô","Admin UIT.IS336.L12.4","UIT.IS336.L12.4","Bảng giá niêm yết 1","331 Tài khoản phải trả thương mại","131 Khoản phải thu của khách hàng"
"person","Lê Liêm Duyên","contact","số 312, xóm 10, thôn 9, xã Quy Đức, huyện Bình Chánh, thành phố Hồ Chí Minh","số 312, xóm 10","thôn 9, xã Quy Đức, huyện Bình Chánh","Hồ Chí Minh","700000","84","","Chủ shop","0975015927","leliemduyen@gmail.com","Cô","Admin UIT.IS336.L12.4","UIT.IS336.L12.4","Bảng giá niêm yết 1","331 Tài khoản phải trả thương mại","131 Khoản phải thu của khách hàng"
"person","Quản Lan Ðài","contact","số 28, đường Phong Quyết, phường 1, quận Tân Bình, thành phố Hồ Chí Minh","số 28, đường Phong Quyết","phường 1, quận Tân Bình","Hồ Chí Minh","700000","84","","Chủ shop","0913622985","quanlanðai@gmail.com","Cô","Admin UIT.IS336.L12.4","UIT.IS336.L12.4","Bảng giá niêm yết 1","331 Tài khoản phải trả thương mại","131 Khoản phải thu của khách hàng"
"person","Bùi Giang Thống","contact","số 273, đường Nguyễn Ngân Thống, phường Láng Hạ, quận Đống Đa, thành phố Hà Nội","số 273, đường Nguyễn Ngân Thống","phường Láng Hạ, quận Đống Đa","Hà Nội","100000","84","","Chủ shop","0991299932","buigiangthong@gmail.com","Cô","Admin UIT.IS336.L12.4","UIT.IS336.L12.4","Bảng giá niêm yết 1","331 Tài khoản phải trả thương mại","131 Khoản phải thu của khách hàng"
"person","Trần Ðăng Thiếu","contact","số 266, đường Tài Thụ, phường Tân Quý, quận Tân Phú, thành phố Hồ Chí Minh","số 266, đường Tài Thụ","phường Tân Quý, quận Tân Phú","Hồ Chí Minh","700000","84","","Chủ shop","0917155533","tranðangthieu@gmail.com","Anh","Admin UIT.IS336.L12.4","UIT.IS336.L12.4","Bảng giá niêm yết 1","331 Tài khoản phải trả thương mại","131 Khoản phải thu của khách hàng"
"person","Lê Cung Thạch Trân","contact","số 634, đường Hoàng Thảo Trung, phường Linh Tây, quận Thủ Đức, thành phố Hồ Chí Minh","số 634, đường Hoàng Thảo Trung","phường Linh Tây, quận Thủ Đức","Hồ Chí Minh","700000","84","","Chủ shop","0910953062","lecungthachtran@gmail.com","Anh","Admin UIT.IS336.L12.4","UIT.IS336.L12.4","Bảng giá niêm yết 1","331 Tài khoản phải trả thương mại","131 Khoản phải thu của khách hàng"
"person","Nguyễn Tấn Tài","contact","số 993, xóm 5, thôn Vinh Văn, xã Nhân Hòa, huyện Vĩnh Bảo, thành phố Hải Phòng","số 993, xóm 5","thôn Vinh Văn, xã Nhân Hòa, huyện Vĩnh Bảo","Hải Phòng","180000","84","","Chủ shop","0932894266","nguyentantai@gmail.com","Anh","Admin UIT.IS336.L12.4","UIT.IS336.L12.4","Bảng giá niêm yết 1","331 Tài khoản phải trả thương mại","131 Khoản phải thu của khách hàng"
"person","Trần Thắm Tùng","contact","số 161, hẻm Tuyền Nhã, đường Ðịnh Thành, phường Thịnh Liệt, quận Hoàng Mai, thành phố Hà Nội","số 161, hẻm Tuyền Nhã","đường Ðịnh Thành, phường Thịnh Liệt, quận Hoàng Mai","Hà Nội","100000","84","","Chủ shop","0940034602","tranthamtung@gmail.com","Anh","Admin UIT.IS336.L12.4","UIT.IS336.L12.4","Bảng giá niêm yết 1","331 Tài khoản phải trả thương mại","131 Khoản phải thu của khách hàng"
"person","Võ My Phúc","contact","số 91, đường Tinh Nhung Mộng, phường Biên Giang, quận Hà Đông, thành phố Hà Nội","số 91, đường Tinh Nhung Mộng","phường Biên Giang, quận Hà Đông","Hà Nội","100000","84","","Chủ shop","0971225250","vomyphuc@gmail.com","Anh","Admin UIT.IS336.L12.4","UIT.IS336.L12.4","Bảng giá niêm yết 1","331 Tài khoản phải trả thương mại","131 Khoản phải thu của khách hàng"
"person","Nguyễn Loan Lam Khải","contact","số 827, đường Nguyễn Đại Dạ, phường Lam Sơn, quận Lê Chân, thành phố Hải Phòng","số 827, đường Nguyễn Đại Dạ","phường Lam Sơn, quận Lê Chân","Hải Phòng","180000","84","","Chủ shop","0913846625","nguyenloanlamkhai@gmail.com","Anh","Admin UIT.IS336.L12.4","UIT.IS336.L12.4","Bảng giá niêm yết 1","331 Tài khoản phải trả thương mại","131 Khoản phải thu của khách hàng"
"person","Hoàng Khúc","contact","số 401, đường Vũ Phước Thư, phường Yên Sở, quận Hoàng Mai, thành phố Hà Nội","số 401, đường Vũ Phước Thư","phường Yên Sở, quận Hoàng Mai","Hà Nội","100000","84","","Chủ shop","0895295945","hoangkhuc@gmail.com","Cô","Admin UIT.IS336.L12.4","UIT.IS336.L12.4","Bảng giá niêm yết 1","331 Tài khoản phải trả thương mại","131 Khoản phải thu của khách hàng"
"person","Lê Sơn Quyết Tân","contact","số 390, xóm Hợp Ðông, thôn Trình Tú, xã Nhuận Đức, huyện Củ Chi, thành phố Hồ Chí Minh","số 390, xóm Hợp Ðông","thôn Trình Tú, xã Nhuận Đức, huyện Củ Chi","Hồ Chí Minh","700000","84","","Chủ shop","0993898950","lesonquyettan@gmail.com","Cô","Admin UIT.IS336.L12.4","UIT.IS336.L12.4","Bảng giá niêm yết 1","331 Tài khoản phải trả thương mại","131 Khoản phải thu của khách hàng"
"person","Nguyễn Ý Hưng","contact","số 564, xóm Ðan Thiên, thôn 9, xã Đông Hưng, huyện Tiên Lãng, thành phố Hải Phòng","số 564, xóm Ðan Thiên","thôn 9, xã Đông Hưng, huyện Tiên Lãng","Hải Phòng","180000","84","","Chủ shop","0907986606","nguyenyhung@gmail.com","Anh","Admin UIT.IS336.L12.4","UIT.IS336.L12.4","Bảng giá niêm yết 1","331 Tài khoản phải trả thương mại","131 Khoản phải thu của khách hàng"
"person","Trần Tân","contact","số 802, xóm 3, thôn 10, xã Bắc Hồng, huyện Đông Anh, thành phố Hà Nội","số 802, xóm 3","thôn 10, xã Bắc Hồng, huyện Đông Anh","Hà Nội","100000","84","","Chủ shop","0918296955","trantan@gmail.com","Cô","Admin UIT.IS336.L12.4","UIT.IS336.L12.4","Bảng giá niêm yết 1","331 Tài khoản phải trả thương mại","131 Khoản phải thu của khách hàng"
"person","Trang Hải","contact","số 608, hẻm 50, đường Nguyễn Cơ Phú, phường 10, quận Quận 5, thành phố Hồ Chí Minh","số 608, hẻm 50","đường Nguyễn Cơ Phú, phường 10, quận Quận 5","Hồ Chí Minh","700000","84","","Chủ shop","0904254665","tranghai@gmail.com","Anh","Admin UIT.IS336.L12.4","UIT.IS336.L12.4","Bảng giá niêm yết 1","331 Tài khoản phải trả thương mại","131 Khoản phải thu của khách hàng"
"person","Nguyễn Quỳnh Giáp Kiên","contact","số 953, đường Nguyễn Tuyến Khải, phường Phúc Đồng, quận Long Biên, thành phố Hà Nội","số 953, đường Nguyễn Tuyến Khải","phường Phúc Đồng, quận Long Biên","Hà Nội","100000","84","","Chủ shop","0999649281","nguyenquynhgiapkien@gmail.com","Anh","Admin UIT.IS336.L12.4","UIT.IS336.L12.4","Bảng giá niêm yết 1","331 Tài khoản phải trả thương mại","131 Khoản phải thu của khách hàng"
"person","Nguyễn Quyết Tâm Toàn","contact","số 646, xóm 3, thôn 5, xã Yên Sơn, huyện Quốc Oai, thành phố Hà Nội","số 646, xóm 3","thôn 5, xã Yên Sơn, huyện Quốc Oai","Hà Nội","100000","84","","Chủ shop","0974926547","nguyenquyettamtoan@gmail.com","Anh","Admin UIT.IS336.L12.4","UIT.IS336.L12.4","Bảng giá niêm yết 1","331 Tài khoản phải trả thương mại","131 Khoản phải thu của khách hàng"
"person","Nguyễn Ngạn Chính Trí","contact","số 109, đường Võ Thiện Mai, phường 13, quận Quận 6, thành phố Hồ Chí Minh","số 109, đường Võ Thiện Mai","phường 13, quận Quận 6","Hồ Chí Minh","700000","84","","Chủ shop","0998929319","nguyennganchinhtri@gmail.com","Cô","Admin UIT.IS336.L12.4","UIT.IS336.L12.4","Bảng giá niêm yết 1","331 Tài khoản phải trả thương mại","131 Khoản phải thu của khách hàng"
"person","Hoàng Vi Hữu","contact","số 770, đường Toàn Như, phường Bình Trị Đông, quận Bình Tân, thành phố Hồ Chí Minh","số 770, đường Toàn Như","phường Bình Trị Đông, quận Bình Tân","Hồ Chí Minh","700000","84","","Chủ shop","0996275294","hoangvihuu@gmail.com","Anh","Admin UIT.IS336.L12.4","UIT.IS336.L12.4","Bảng giá niêm yết 1","331 Tài khoản phải trả thương mại","131 Khoản phải thu của khách hàng"
"person","Thào Ý","contact","số 300, đường Vũ Ý Long, phường Tân Tạo, quận Bình Tân, thành phố Hồ Chí Minh","số 300, đường Vũ Ý Long","phường Tân Tạo, quận Bình Tân","Hồ Chí Minh","700000","84","","Chủ shop","0889370809","thaoy@gmail.com","Cô","Admin UIT.IS336.L12.4","UIT.IS336.L12.4","Bảng giá niêm yết 1","331 Tài khoản phải trả thương mại","131 Khoản phải thu của khách hàng"
"person","Kiều Hằng Hữu","contact","số 554, hẻm 68, đường Nguyễn Ðại Ân, phường Bình Hưng Hòa B, quận Bình Tân, thành phố Hồ Chí Minh","số 554, hẻm 68","đường Nguyễn Ðại Ân, phường Bình Hưng Hòa B, quận Bình Tân","Hồ Chí Minh","700000","84","","Chủ shop","0978398931","kieuhanghuu@gmail.com","Cô","Admin UIT.IS336.L12.4","UIT.IS336.L12.4","Bảng giá niêm yết 1","331 Tài khoản phải trả thương mại","131 Khoản phải thu của khách hàng"
"person","Hồ Hoàng Đan","contact","số 617, xóm 10, thôn 3, xã Hữu Bằng, huyện Thạch Thất, thành phố Hà Nội","số 617, xóm 10","thôn 3, xã Hữu Bằng, huyện Thạch Thất","Hà Nội","100000","84","","Chủ shop","0886386939","hohoangdan@gmail.com","Cô","Admin UIT.IS336.L12.4","UIT.IS336.L12.4","Bảng giá niêm yết 1","331 Tài khoản phải trả thương mại","131 Khoản phải thu của khách hàng"
"person","Huỳnh Lâm Ðông Minh","contact","số 369, đường Viêm Cầm Ðinh, phường Hòa Thuận Tây, quận Hải Châu, thành phố Đà Nẵng","số 369, đường Viêm Cầm Ðinh","phường Hòa Thuận Tây, quận Hải Châu","Đà Nẵng","550000","84","","Chủ shop","0936156033","huynhlamðongminh@gmail.com","Cô","Admin UIT.IS336.L12.4","UIT.IS336.L12.4","Bảng giá niêm yết 1","331 Tài khoản phải trả thương mại","131 Khoản phải thu của khách hàng"
"person","Lê Trương Thảo","contact","số 406, đường Thắm Ðại, phường Tân Hưng Thuận, quận Quận 12, thành phố Hồ Chí Minh","số 406, đường Thắm Ðại","phường Tân Hưng Thuận, quận Quận 12","Hồ Chí Minh","700000","84","","Chủ shop","0860059342","letruongthao@gmail.com","Cô","Admin UIT.IS336.L12.4","UIT.IS336.L12.4","Bảng giá niêm yết 1","331 Tài khoản phải trả thương mại","131 Khoản phải thu của khách hàng"
"person","Lê Khắc","contact","số 376, đường Nguyễn Ðăng Kỳ, phường Minh Đức, quận Đồ Sơn, thành phố Hải Phòng","số 376, đường Nguyễn Ðăng Kỳ","phường Minh Đức, quận Đồ Sơn","Hải Phòng","180000","84","","Chủ shop","0948042732","lekhac@gmail.com","Anh","Admin UIT.IS336.L12.4","UIT.IS336.L12.4","Bảng giá niêm yết 1","331 Tài khoản phải trả thương mại","131 Khoản phải thu của khách hàng"
"person","Đỗ Yên Quyết","contact","số 10, đường Bá Trường Thi, phường Bình Hưng Hòa, quận Bình Tân, thành phố Hồ Chí Minh","số 10, đường Bá Trường Thi","phường Bình Hưng Hòa, quận Bình Tân","Hồ Chí Minh","700000","84","","Chủ shop","0978476789","doyenquyet@gmail.com","Anh","Admin UIT.IS336.L12.4","UIT.IS336.L12.4","Bảng giá niêm yết 1","331 Tài khoản phải trả thương mại","131 Khoản phải thu của khách hàng"
"person","Phạm Nhung Trường","contact","số 973, xóm 2, thôn 10, xã Thủy Sơn, huyện Thủy Nguyên, thành phố Hải Phòng","số 973, xóm 2","thôn 10, xã Thủy Sơn, huyện Thủy Nguyên","Hải Phòng","180000","84","","Chủ shop","0961431769","phamnhungtruong@gmail.com","Cô","Admin UIT.IS336.L12.4","UIT.IS336.L12.4","Bảng giá niêm yết 1","331 Tài khoản phải trả thương mại","131 Khoản phải thu của khách hàng"
"person","Nguyễn Thụy","contact","số 78, xóm 4, thôn Việt Dạ, xã Sơn Công, huyện Ứng Hòa, thành phố Hà Nội","số 78, xóm 4","thôn Việt Dạ, xã Sơn Công, huyện Ứng Hòa","Hà Nội","100000","84","","Chủ shop","0948314543","nguyenthuy@gmail.com","Anh","Admin UIT.IS336.L12.4","UIT.IS336.L12.4","Bảng giá niêm yết 1","331 Tài khoản phải trả thương mại","131 Khoản phải thu của khách hàng"
"person","Lê Nghi Ca Xuân","contact","số 3, đường Lê Ðịnh Vân, phường Tây Tựu, quận Bắc Từ Liêm, thành phố Hà Nội","số 3, đường Lê Ðịnh Vân","phường Tây Tựu, quận Bắc Từ Liêm","Hà Nội","100000","84","","Chủ shop","0934226179","lenghicaxuan@gmail.com","Anh","Admin UIT.IS336.L12.4","UIT.IS336.L12.4","Bảng giá niêm yết 1","331 Tài khoản phải trả thương mại","131 Khoản phải thu của khách hàng"
"person","Lyly Uyển","contact","số 230, xóm 2, thôn Tuệ Duy, xã Phước Kiển, huyện Nhà Bè, thành phố Hồ Chí Minh","số 230, xóm 2","thôn Tuệ Duy, xã Phước Kiển, huyện Nhà Bè","Hồ Chí Minh","700000","84","","Chủ shop","0976436258","lylyuyen@gmail.com","Anh","Admin UIT.IS336.L12.4","UIT.IS336.L12.4","Bảng giá niêm yết 1","331 Tài khoản phải trả thương mại","131 Khoản phải thu của khách hàng"
"person","Nguyễn Hoa","contact","số 337, đường Thẩm Ðức Viết, phường Bình Hưng Hòa A, quận Bình Tân, thành phố Hồ Chí Minh","số 337, đường Thẩm Ðức Viết","phường Bình Hưng Hòa A, quận Bình Tân","Hồ Chí Minh","700000","84","","Chủ shop","0993964000","nguyenhoa@gmail.com","Anh","Admin UIT.IS336.L12.4","UIT.IS336.L12.4","Bảng giá niêm yết 1","331 Tài khoản phải trả thương mại","131 Khoản phải thu của khách hàng"
"person","Lê Như Hưng","contact","số 970, hẻm 81, đường Nguyễn Hằng Thảo, phường Phú Mỹ, quận Quận 7, thành phố Hồ Chí Minh","số 970, hẻm 81","đường Nguyễn Hằng Thảo, phường Phú Mỹ, quận Quận 7","Hồ Chí Minh","700000","84","","Chủ shop","0942532608","lenhuhung@gmail.com","Cô","Admin UIT.IS336.L12.4","UIT.IS336.L12.4","Bảng giá niêm yết 1","331 Tài khoản phải trả thương mại","131 Khoản phải thu của khách hàng"
"person","Quàng Trà Lan","contact","số 232, xóm 6, thôn 1, xã Tiền Phong, huyện Thường Tín, thành phố Hà Nội","số 232, xóm 6","thôn 1, xã Tiền Phong, huyện Thường Tín","Hà Nội","100000","84","","Chủ shop","0894843585","quangtralan@gmail.com","Cô","Admin UIT.IS336.L12.4","UIT.IS336.L12.4","Bảng giá niêm yết 1","331 Tài khoản phải trả thương mại","131 Khoản phải thu của khách hàng"
"person","Nguyễn Mi Lai Quảng","contact","số 28, hẻm Phương Danh, đường Ðăng Thạch, phường 25, quận Bình Thạnh, thành phố Hồ Chí Minh","số 28, hẻm Phương Danh","đường Ðăng Thạch, phường 25, quận Bình Thạnh","Hồ Chí Minh","700000","84","","Chủ shop","0944341413","nguyenmilaiquang@gmail.com","Cô","Admin UIT.IS336.L12.4","UIT.IS336.L12.4","Bảng giá niêm yết 1","331 Tài khoản phải trả thương mại","131 Khoản phải thu của khách hàng"
"person","Nguyễn Châu Băng","contact","số 862, đường Di Thuận, phường Tân Sơn Nhì, quận Tân Phú, thành phố Hồ Chí Minh","số 862, đường Di Thuận","phường Tân Sơn Nhì, quận Tân Phú","Hồ Chí Minh","700000","84","","Chủ shop","0999745156","nguyenchaubang@gmail.com","Cô","Admin UIT.IS336.L12.4","UIT.IS336.L12.4","Bảng giá niêm yết 1","331 Tài khoản phải trả thương mại","131 Khoản phải thu của khách hàng"
"person","Phạm Kiều","contact","số 488, đường Nguyễn Mi Tố, phường 2, quận Quận 8, thành phố Hồ Chí Minh","số 488, đường Nguyễn Mi Tố","phường 2, quận Quận 8","Hồ Chí Minh","700000","84","","Chủ shop","0875816151","phamkieu@gmail.com","Cô","Admin UIT.IS336.L12.4","UIT.IS336.L12.4","Bảng giá niêm yết 1","331 Tài khoản phải trả thương mại","131 Khoản phải thu của khách hàng"
"person","Đổng Khắc","contact","số 586, xóm Quốc Triều, thôn Thụy Nhật, xã Tân Phú Trung, huyện Củ Chi, thành phố Hồ Chí Minh","số 586, xóm Quốc Triều","thôn Thụy Nhật, xã Tân Phú Trung, huyện Củ Chi","Hồ Chí Minh","700000","84","","Chủ shop","0945413183","dongkhac@gmail.com","Cô","Admin UIT.IS336.L12.4","UIT.IS336.L12.4","Bảng giá niêm yết 1","331 Tài khoản phải trả thương mại","131 Khoản phải thu của khách hàng"
"person","Phạm Chuyên Kim","contact","số 652, xóm Huyền Khắc, thôn 5, xã Tân Triều, huyện Thanh Trì, thành phố Hà Nội","số 652, xóm Huyền Khắc","thôn 5, xã Tân Triều, huyện Thanh Trì","Hà Nội","100000","84","","Chủ shop","0991727419","phamchuyenkim@gmail.com","Anh","Admin UIT.IS336.L12.4","UIT.IS336.L12.4","Bảng giá niêm yết 1","331 Tài khoản phải trả thương mại","131 Khoản phải thu của khách hàng"
"person","Trần Huy Ðiệp Lâm","contact","số 650, xóm 5, thôn 2, xã Minh Trí, huyện Sóc Sơn, thành phố Hà Nội","số 650, xóm 5","thôn 2, xã Minh Trí, huyện Sóc Sơn","Hà Nội","100000","84","","Chủ shop","0960245482","tranhuyðieplam@gmail.com","Cô","Admin UIT.IS336.L12.4","UIT.IS336.L12.4","Bảng giá niêm yết 1","331 Tài khoản phải trả thương mại","131 Khoản phải thu của khách hàng"
"person","Phạm Cảnh","contact","số 13, hẻm 9, đường Dung Hữu, phường Tân Thới Nhất, quận Quận 12, thành phố Hồ Chí Minh","số 13, hẻm 9","đường Dung Hữu, phường Tân Thới Nhất, quận Quận 12","Hồ Chí Minh","700000","84","","Chủ shop","0944230833","phamcanh@gmail.com","Cô","Admin UIT.IS336.L12.4","UIT.IS336.L12.4","Bảng giá niêm yết 1","331 Tài khoản phải trả thương mại","131 Khoản phải thu của khách hàng"
"person","Nguyễn Yên Lập Yên","contact","số 347, đường Trần Trung Hùng, phường Tân Tạo A, quận Bình Tân, thành phố Hồ Chí Minh","số 347, đường Trần Trung Hùng","phường Tân Tạo A, quận Bình Tân","Hồ Chí Minh","700000","84","","Chủ shop","0994810800","nguyenyenlapyen@gmail.com","Cô","Admin UIT.IS336.L12.4","UIT.IS336.L12.4","Bảng giá niêm yết 1","331 Tài khoản phải trả thương mại","131 Khoản phải thu của khách hàng"
"person","Vũ Ân","contact","số 909, xóm Miên Hạo, thôn 6, xã Kim Lan, huyện Gia Lâm, thành phố Hà Nội","số 909, xóm Miên Hạo","thôn 6, xã Kim Lan, huyện Gia Lâm","Hà Nội","100000","84","","Chủ shop","0970281080","vuan@gmail.com","Anh","Admin UIT.IS336.L12.4","UIT.IS336.L12.4","Bảng giá niêm yết 1","331 Tài khoản phải trả thương mại","131 Khoản phải thu của khách hàng"
"person","Nguyễn Khải","contact","số 190, đường Huấn Liên, phường 5, quận Quận 6, thành phố Hồ Chí Minh","số 190, đường Huấn Liên","phường 5, quận Quận 6","Hồ Chí Minh","700000","84","","Chủ shop","0884062179","nguyenkhai@gmail.com","Anh","Admin UIT.IS336.L12.4","UIT.IS336.L12.4","Bảng giá niêm yết 1","331 Tài khoản phải trả thương mại","131 Khoản phải thu của khách hàng"
"person","Nguyễn Thủy Quế","contact","số 891, hẻm 12, đường Nguyễn Hoan Ðăng, phường Thượng Cát, quận Bắc Từ Liêm, thành phố Hà Nội","số 891, hẻm 12","đường Nguyễn Hoan Ðăng, phường Thượng Cát, quận Bắc Từ Liêm","Hà Nội","100000","84","","Chủ shop","0986992909","nguyenthuyque@gmail.com","Cô","Admin UIT.IS336.L12.4","UIT.IS336.L12.4","Bảng giá niêm yết 1","331 Tài khoản phải trả thương mại","131 Khoản phải thu của khách hàng"
"person","Nguyễn Triết Lập","contact","số 955, đường Hành Hạ, phường 2, quận Tân Bình, thành phố Hồ Chí Minh","số 955, đường Hành Hạ","phường 2, quận Tân Bình","Hồ Chí Minh","700000","84","","Chủ shop","0893374397","nguyentrietlap@gmail.com","Anh","Admin UIT.IS336.L12.4","UIT.IS336.L12.4","Bảng giá niêm yết 1","331 Tài khoản phải trả thương mại","131 Khoản phải thu của khách hàng"
"person","Nguyễn Quảng","contact","số 281, xóm 10, thôn 8, xã Bình Khánh, huyện Cần Giờ, thành phố Hồ Chí Minh","số 281, xóm 10","thôn 8, xã Bình Khánh, huyện Cần Giờ","Hồ Chí Minh","700000","84","","Chủ shop","0882376801","nguyenquang@gmail.com","Cô","Admin UIT.IS336.L12.4","UIT.IS336.L12.4","Bảng giá niêm yết 1","331 Tài khoản phải trả thương mại","131 Khoản phải thu của khách hàng"
"person","Nguyễn Băng","contact","số 605, xóm 8, thôn An Trà, xã Thạnh Lợi, huyện Vĩnh Thạnh, thành phố Cần Thơ","số 605, xóm 8","thôn An Trà, xã Thạnh Lợi, huyện Vĩnh Thạnh","Cần Thơ","900000","84","","Chủ shop","0954856456","nguyenbang@gmail.com","Cô","Admin UIT.IS336.L12.4","UIT.IS336.L12.4","Bảng giá niêm yết 1","331 Tài khoản phải trả thương mại","131 Khoản phải thu của khách hàng"
"person","Nguyễn Kiệt Uyển Lam","contact","số 19, xóm 10, thôn 4, xã Phú Xuân, huyện Nhà Bè, thành phố Hồ Chí Minh","số 19, xóm 10","thôn 4, xã Phú Xuân, huyện Nhà Bè","Hồ Chí Minh","700000","84","","Chủ shop","0862224510","nguyenkietuyenlam@gmail.com","Anh","Admin UIT.IS336.L12.4","UIT.IS336.L12.4","Bảng giá niêm yết 1","331 Tài khoản phải trả thương mại","131 Khoản phải thu của khách hàng"
"person","Lê Yến","contact","số 815, đường Phan Ngọc Cảnh, phường Tam Bình, quận Thủ Đức, thành phố Hồ Chí Minh","số 815, đường Phan Ngọc Cảnh","phường Tam Bình, quận Thủ Đức","Hồ Chí Minh","700000","84","","Chủ shop","0948761720","leyen@gmail.com","Cô","Admin UIT.IS336.L12.4","UIT.IS336.L12.4","Bảng giá niêm yết 1","331 Tài khoản phải trả thương mại","131 Khoản phải thu của khách hàng"
"person","Nguyễn Quý Chế","contact","số 232, xóm 9, thôn Nghiêm Mộng, xã Chiến Thắng, huyện An Lão, thành phố Hải Phòng","số 232, xóm 9","thôn Nghiêm Mộng, xã Chiến Thắng, huyện An Lão","Hải Phòng","180000","84","","Chủ shop","0877135311","nguyenquyche@gmail.com","Anh","Admin UIT.IS336.L12.4","UIT.IS336.L12.4","Bảng giá niêm yết 1","331 Tài khoản phải trả thương mại","131 Khoản phải thu của khách hàng"
"person","Thái Tùng Kiến","contact","số 100, đường Giáp Kiến, phường Yên Hòa, quận Cầu Giấy, thành phố Hà Nội","số 100, đường Giáp Kiến","phường Yên Hòa, quận Cầu Giấy","Hà Nội","100000","84","","Chủ shop","0935209571","thaitungkien@gmail.com","Anh","Admin UIT.IS336.L12.4","UIT.IS336.L12.4","Bảng giá niêm yết 1","331 Tài khoản phải trả thương mại","131 Khoản phải thu của khách hàng"
"person","Nguyễn Quảng Chiến","contact","số 69, xóm 4, thôn 5, xã Xuân Đình, huyện Phúc Thọ, thành phố Hà Nội","số 69, xóm 4","thôn 5, xã Xuân Đình, huyện Phúc Thọ","Hà Nội","100000","84","","Chủ shop","0970012893","nguyenquangchien@gmail.com","Cô","Admin UIT.IS336.L12.4","UIT.IS336.L12.4","Bảng giá niêm yết 1","331 Tài khoản phải trả thương mại","131 Khoản phải thu của khách hàng"
"person","Nguyễn Dũng Toàn Quý","contact","số 67, xóm 10, thôn 9, xã Hưng Nhân, huyện Vĩnh Bảo, thành phố Hải Phòng","số 67, xóm 10","thôn 9, xã Hưng Nhân, huyện Vĩnh Bảo","Hải Phòng","180000","84","","Chủ shop","0897034073","nguyendungtoanquy@gmail.com","Cô","Admin UIT.IS336.L12.4","UIT.IS336.L12.4","Bảng giá niêm yết 1","331 Tài khoản phải trả thương mại","131 Khoản phải thu của khách hàng"
"person","Nguyễn Ðạo Hiếu","contact","số 787, đường Trần Sáng Kiều, phường 10, quận Quận 10, thành phố Hồ Chí Minh","số 787, đường Trần Sáng Kiều","phường 10, quận Quận 10","Hồ Chí Minh","700000","84","","Chủ shop","0880974485","nguyenðaohieu@gmail.com","Anh","Admin UIT.IS336.L12.4","UIT.IS336.L12.4","Bảng giá niêm yết 1","331 Tài khoản phải trả thương mại","131 Khoản phải thu của khách hàng"
"person","Nguyễn Ðại Vân","contact","số 143, xóm 10, thôn Tấn Phúc, xã Nhơn Đức, huyện Nhà Bè, thành phố Hồ Chí Minh","số 143, xóm 10","thôn Tấn Phúc, xã Nhơn Đức, huyện Nhà Bè","Hồ Chí Minh","700000","84","","Chủ shop","0971330952","nguyenðaivan@gmail.com","Cô","Admin UIT.IS336.L12.4","UIT.IS336.L12.4","Bảng giá niêm yết 1","331 Tài khoản phải trả thương mại","131 Khoản phải thu của khách hàng"
"person","Nguyễn Trọng Hoàn","contact","số 936, xóm Kiệt Tuệ, thôn Diệu Khôi, xã Vĩnh Lộc A, huyện Bình Chánh, thành phố Hồ Chí Minh","số 936, xóm Kiệt Tuệ","thôn Diệu Khôi, xã Vĩnh Lộc A, huyện Bình Chánh","Hồ Chí Minh","700000","84","","Chủ shop","0993552934","nguyentronghoan@gmail.com","Anh","Admin UIT.IS336.L12.4","UIT.IS336.L12.4","Bảng giá niêm yết 1","331 Tài khoản phải trả thương mại","131 Khoản phải thu của khách hàng"
"person","Nguyễn Thu","contact","số 940, đường Phạm Trác Hào, phường 5, quận Gò Vấp, thành phố Hồ Chí Minh","số 940, đường Phạm Trác Hào","phường 5, quận Gò Vấp","Hồ Chí Minh","700000","84","","Chủ shop","0895018779","nguyenthu@gmail.com","Anh","Admin UIT.IS336.L12.4","UIT.IS336.L12.4","Bảng giá niêm yết 1","331 Tài khoản phải trả thương mại","131 Khoản phải thu của khách hàng"
"person","Phan Sang Mi Đình","contact","số 952, hẻm Nga Cảnh, đường Ca Kiên Toàn, phường Hưng Lợi, quận Ninh Kiều, thành phố Cần Thơ","số 952, hẻm Nga Cảnh","đường Ca Kiên Toàn, phường Hưng Lợi, quận Ninh Kiều","Cần Thơ","900000","84","","Chủ shop","0888504882","phansangmidinh@gmail.com","Anh","Admin UIT.IS336.L12.4","UIT.IS336.L12.4","Bảng giá niêm yết 1","331 Tài khoản phải trả thương mại","131 Khoản phải thu của khách hàng"
"person","Phạm Đan Tuyết","contact","số 960, xóm 10, thôn Dương Phong, xã Tiền Phong, huyện Mê Linh, thành phố Hà Nội","số 960, xóm 10","thôn Dương Phong, xã Tiền Phong, huyện Mê Linh","Hà Nội","100000","84","","Chủ shop","0935583883","phamdantuyet@gmail.com","Anh","Admin UIT.IS336.L12.4","UIT.IS336.L12.4","Bảng giá niêm yết 1","331 Tài khoản phải trả thương mại","131 Khoản phải thu của khách hàng"
"person","Nguyễn Phi","contact","số 146, đường Huỳnh Sang Bách, phường Hải Châu II, quận Hải Châu, thành phố Đà Nẵng","số 146, đường Huỳnh Sang Bách","phường Hải Châu II, quận Hải Châu","Đà Nẵng","550000","84","","Chủ shop","0934689400","nguyenphi@gmail.com","Anh","Admin UIT.IS336.L12.4","UIT.IS336.L12.4","Bảng giá niêm yết 1","331 Tài khoản phải trả thương mại","131 Khoản phải thu của khách hàng"
"person","Nguyễn Triều Lan","contact","số 673, đường Ðại Vinh, phường Dịch Vọng Hậu, quận Cầu Giấy, thành phố Hà Nội","số 673, đường Ðại Vinh","phường Dịch Vọng Hậu, quận Cầu Giấy","Hà Nội","100000","84","","Chủ shop","0999614240","nguyentrieulan@gmail.com","Anh","Admin UIT.IS336.L12.4","UIT.IS336.L12.4","Bảng giá niêm yết 1","331 Tài khoản phải trả thương mại","131 Khoản phải thu của khách hàng"
"person","Nguyễn Trúc Chiểu Kim","contact","số 139, xóm 3, thôn 1, xã Đức Thượng, huyện Hoài Đức, thành phố Hà Nội","số 139, xóm 3","thôn 1, xã Đức Thượng, huyện Hoài Đức","Hà Nội","100000","84","","Chủ shop","0933717401","nguyentrucchieukim@gmail.com","Cô","Admin UIT.IS336.L12.4","UIT.IS336.L12.4","Bảng giá niêm yết 1","331 Tài khoản phải trả thương mại","131 Khoản phải thu của khách hàng"
"person","Nguyễn Phát Phương","contact","số 654, hẻm 27, đường Hoàng Nương Linh, phường An Lạc, quận Bình Tân, thành phố Hồ Chí Minh","số 654, hẻm 27","đường Hoàng Nương Linh, phường An Lạc, quận Bình Tân","Hồ Chí Minh","700000","84","","Chủ shop","0942419950","nguyenphatphuong@gmail.com","Cô","Admin UIT.IS336.L12.4","UIT.IS336.L12.4","Bảng giá niêm yết 1","331 Tài khoản phải trả thương mại","131 Khoản phải thu của khách hàng"
"person","Nghị Ý","contact","số 515, đường Huỳnh Ngạn Uy, phường Cổ Nhuế 1, quận Bắc Từ Liêm, thành phố Hà Nội","số 515, đường Huỳnh Ngạn Uy","phường Cổ Nhuế 1, quận Bắc Từ Liêm","Hà Nội","100000","84","","Chủ shop","0935789105","nghiy@gmail.com","Cô","Admin UIT.IS336.L12.4","UIT.IS336.L12.4","Bảng giá niêm yết 1","331 Tài khoản phải trả thương mại","131 Khoản phải thu của khách hàng"
"person","Phạm Thế","contact","số 342, hẻm 73, đường Lê Hồng Thanh, phường Hưng Đạo, quận Dương Kinh, thành phố Hải Phòng","số 342, hẻm 73","đường Lê Hồng Thanh, phường Hưng Đạo, quận Dương Kinh","Hải Phòng","180000","84","","Chủ shop","0990148455","phamthe@gmail.com","Cô","Admin UIT.IS336.L12.4","UIT.IS336.L12.4","Bảng giá niêm yết 1","331 Tài khoản phải trả thương mại","131 Khoản phải thu của khách hàng"